Timestamp,Name,CPU,Memory
2024-10-31 03:49:39,samdul-load_balancer-1,0.12%,85.45%
2024-10-31 03:49:39,samdul-blog-1,0.01%,80.78%
2024-10-31 03:49:42,samdul-load_balancer-1,0.12%,85.45%
2024-10-31 03:49:42,samdul-blog-1,0.00%,80.78%
2024-10-31 03:49:46,samdul-load_balancer-1,0.12%,85.61%
2024-10-31 03:49:46,samdul-blog-1,0.00%,80.78%
2024-10-31 03:49:50,samdul-load_balancer-1,0.28%,88.42%
2024-10-31 03:49:50,samdul-blog-1,0.12%,81.48%
2024-10-31 03:49:55,samdul-load_balancer-1,0.22%,88.52%
2024-10-31 03:49:55,samdul-blog-1,0.09%,81.99%
2024-10-31 03:49:59,samdul-load_balancer-1,0.23%,88.61%
2024-10-31 03:49:59,samdul-blog-1,0.08%,82.34%
2024-10-31 03:50:03,samdul-load_balancer-1,0.32%,88.75%
2024-10-31 03:50:03,samdul-blog-1,0.18%,82.93%
2024-10-31 03:50:07,samdul-load_balancer-1,0.33%,88.93%
2024-10-31 03:50:07,samdul-blog-1,0.16%,84.06%
2024-10-31 03:50:11,samdul-load_balancer-1,0.42%,89.59%
2024-10-31 03:50:11,samdul-blog-1,0.22%,84.22%
2024-10-31 03:50:15,samdul-load_balancer-1,0.44%,89.77%
2024-10-31 03:50:15,samdul-blog-1,0.24%,84.45%
2024-10-31 03:50:19,samdul-load_balancer-1,0.43%,89.80%
2024-10-31 03:50:19,samdul-blog-1,0.21%,84.45%
2024-10-31 03:50:23,samdul-load_balancer-1,0.52%,90.00%
2024-10-31 03:50:23,samdul-blog-1,0.32%,84.53%
2024-10-31 03:50:27,samdul-load_balancer-1,0.48%,90.27%
2024-10-31 03:50:27,samdul-blog-1,0.28%,84.69%
2024-10-31 03:50:31,samdul-load_balancer-1,0.55%,90.51%
2024-10-31 03:50:31,samdul-blog-1,0.33%,84.77%
2024-10-31 03:50:35,samdul-load_balancer-1,0.57%,90.82%
2024-10-31 03:50:35,samdul-blog-1,0.32%,84.88%
2024-10-31 03:50:39,samdul-load_balancer-1,0.58%,91.11%
2024-10-31 03:50:39,samdul-blog-1,0.32%,85.04%
2024-10-31 03:50:43,samdul-load_balancer-1,0.64%,91.52%
2024-10-31 03:50:43,samdul-blog-1,0.39%,85.27%
2024-10-31 03:50:47,samdul-load_balancer-1,0.59%,91.88%
2024-10-31 03:50:47,samdul-blog-1,0.37%,85.78%
2024-10-31 03:50:51,samdul-load_balancer-1,0.75%,92.27%
2024-10-31 03:50:51,samdul-blog-1,0.47%,85.82%
2024-10-31 03:50:55,samdul-load_balancer-1,0.75%,92.71%
2024-10-31 03:50:55,samdul-blog-1,0.47%,85.82%
2024-10-31 03:50:59,samdul-load_balancer-1,0.69%,93.05%
2024-10-31 03:50:59,samdul-blog-1,0.46%,86.21%
2024-10-31 03:51:03,samdul-load_balancer-1,0.81%,93.46%
2024-10-31 03:51:03,samdul-blog-1,0.52%,86.37%
2024-10-31 03:51:07,samdul-load_balancer-1,0.84%,94.14%
2024-10-31 03:51:07,samdul-blog-1,0.55%,86.91%
2024-10-31 03:51:11,samdul-load_balancer-1,0.92%,94.47%
2024-10-31 03:51:11,samdul-blog-1,0.59%,86.91%
2024-10-31 03:51:15,samdul-load_balancer-1,0.93%,94.92%
2024-10-31 03:51:15,samdul-blog-1,0.61%,87.54%
2024-10-31 03:51:19,samdul-load_balancer-1,0.82%,95.37%
2024-10-31 03:51:19,samdul-blog-1,0.53%,87.54%
2024-10-31 03:51:23,samdul-load_balancer-1,0.99%,95.84%
2024-10-31 03:51:23,samdul-blog-1,0.73%,87.54%
2024-10-31 03:51:27,samdul-load_balancer-1,1.04%,95.96%
2024-10-31 03:51:27,samdul-blog-1,0.69%,88.12%
2024-10-31 03:51:31,samdul-load_balancer-1,1.02%,96.00%
2024-10-31 03:51:31,samdul-blog-1,0.70%,88.71%
2024-10-31 03:51:35,samdul-load_balancer-1,1.00%,96.02%
2024-10-31 03:51:35,samdul-blog-1,0.74%,88.71%
2024-10-31 03:51:39,samdul-load_balancer-1,1.05%,96.00%
2024-10-31 03:51:39,samdul-blog-1,0.71%,89.06%
2024-10-31 03:51:43,samdul-load_balancer-1,0.98%,96.09%
2024-10-31 03:51:43,samdul-blog-1,0.73%,89.73%
2024-10-31 03:51:47,samdul-load_balancer-1,1.01%,96.05%
2024-10-31 03:51:47,samdul-blog-1,0.79%,90.23%
2024-10-31 03:51:51,samdul-load_balancer-1,0.99%,96.07%
2024-10-31 03:51:51,samdul-blog-1,0.77%,90.27%
2024-10-31 03:51:55,samdul-load_balancer-1,1.02%,96.17%
2024-10-31 03:51:55,samdul-blog-1,0.86%,90.82%
2024-10-31 03:51:59,samdul-load_balancer-1,1.01%,96.29%
2024-10-31 03:51:59,samdul-blog-1,0.77%,90.82%
2024-10-31 03:52:03,samdul-load_balancer-1,1.07%,96.66%
2024-10-31 03:52:03,samdul-blog-1,1.00%,96.48%
2024-10-31 03:52:07,samdul-load_balancer-1,0.97%,97.25%
2024-10-31 03:52:07,samdul-blog-1,0.76%,97.38%
2024-10-31 03:52:11,samdul-load_balancer-1,1.01%,93.87%
2024-10-31 03:52:11,samdul-blog-1,0.84%,98.63%
2024-10-31 03:52:15,samdul-load_balancer-1,0.96%,94.22%
2024-10-31 03:52:15,samdul-blog-1,0.75%,99.18%
2024-10-31 03:52:19,samdul-load_balancer-1,1.09%,94.75%
2024-10-31 03:52:19,samdul-blog-1,0.81%,97.70%
2024-10-31 03:52:23,samdul-load_balancer-1,1.00%,95.12%
2024-10-31 03:52:23,samdul-blog-1,0.76%,97.77%
2024-10-31 03:52:27,samdul-load_balancer-1,1.02%,95.55%
2024-10-31 03:52:27,samdul-blog-1,0.85%,98.32%
2024-10-31 03:52:31,samdul-load_balancer-1,1.00%,96.25%
2024-10-31 03:52:31,samdul-blog-1,0.84%,98.87%
2024-10-31 03:52:35,samdul-load_balancer-1,1.06%,96.62%
2024-10-31 03:52:35,samdul-blog-1,0.89%,99.30%
2024-10-31 03:52:39,samdul-load_balancer-1,1.02%,96.91%
2024-10-31 03:52:39,samdul-blog-1,0.88%,99.30%
2024-10-31 03:52:43,samdul-load_balancer-1,1.01%,98.44%
2024-10-31 03:52:43,samdul-blog-1,1.93%,100.12%
2024-10-31 03:52:47,samdul-load_balancer-1,1.05%,89.45%
2024-10-31 03:52:47,samdul-blog-1,1.01%,89.80%
2024-10-31 03:52:51,samdul-load_balancer-1,0.27%,96.95%
2024-10-31 03:52:51,samdul-blog-1,0.27%,98.05%
2024-10-31 03:52:55,samdul-load_balancer-1,1.00%,96.86%
2024-10-31 03:52:55,samdul-blog-1,1.02%,97.46%
2024-10-31 03:52:59,samdul-load_balancer-1,0.74%,97.73%
2024-10-31 03:52:59,samdul-blog-1,1.55%,99.96%
2024-10-31 03:53:03,samdul-load_balancer-1,0.97%,97.60%
2024-10-31 03:53:03,samdul-blog-1,1.00%,98.71%
2024-10-31 03:53:07,samdul-load_balancer-1,0.52%,98.50%
2024-10-31 03:53:07,samdul-blog-1,0.34%,94.96%
2024-10-31 03:53:12,samdul-load_balancer-1,1.00%,98.22%
2024-10-31 03:53:12,samdul-blog-1,1.01%,87.54%
2024-10-31 03:53:16,samdul-load_balancer-1,0.13%,99.30%
2024-10-31 03:53:16,samdul-blog-1,1.01%,99.96%
2024-10-31 03:53:20,samdul-load_balancer-1,1.06%,99.00%
2024-10-31 03:53:20,samdul-blog-1,1.01%,95.82%
2024-10-31 03:53:24,samdul-load_balancer-1,0.23%,86.21%
2024-10-31 03:53:24,samdul-blog-1,0.07%,93.98%
2024-10-31 03:53:28,samdul-load_balancer-1,0.92%,86.15%
2024-10-31 03:53:28,samdul-blog-1,2.53%,100.00%
2024-10-31 03:53:32,samdul-load_balancer-1,0.74%,86.72%
2024-10-31 03:53:32,samdul-blog-1,1.99%,99.92%
2024-10-31 03:53:36,samdul-load_balancer-1,1.03%,86.43%
2024-10-31 03:53:36,samdul-blog-1,1.00%,97.46%
2024-10-31 03:53:40,samdul-load_balancer-1,0.86%,87.30%
2024-10-31 03:53:40,samdul-blog-1,1.87%,99.57%
2024-10-31 03:53:44,samdul-load_balancer-1,0.98%,87.05%
2024-10-31 03:53:44,samdul-blog-1,1.01%,91.05%
2024-10-31 03:53:48,samdul-load_balancer-1,0.73%,87.05%
2024-10-31 03:53:48,samdul-blog-1,1.01%,81.33%
2024-10-31 03:53:52,samdul-load_balancer-1,0.54%,87.48%
2024-10-31 03:53:52,samdul-blog-1,0.91%,81.33%
2024-10-31 03:53:56,samdul-load_balancer-1,0.96%,87.52%
2024-10-31 03:53:56,samdul-blog-1,2.31%,99.92%
2024-10-31 03:54:00,samdul-load_balancer-1,0.85%,87.73%
2024-10-31 03:54:00,samdul-blog-1,1.04%,95.98%
2024-10-31 03:54:04,samdul-load_balancer-1,0.83%,87.79%
2024-10-31 03:54:04,samdul-blog-1,1.04%,99.96%
2024-10-31 03:54:08,samdul-load_balancer-1,0.82%,87.42%
2024-10-31 03:54:08,samdul-blog-1,1.02%,99.88%
2024-10-31 03:54:12,samdul-load_balancer-1,0.09%,87.60%
2024-10-31 03:54:12,samdul-blog-1,0.21%,99.02%
2024-10-31 03:54:16,samdul-load_balancer-1,0.87%,86.89%
2024-10-31 03:54:16,samdul-blog-1,1.03%,91.91%
2024-10-31 03:54:20,samdul-load_balancer-1,1.00%,87.03%
2024-10-31 03:54:20,samdul-blog-1,1.01%,93.24%
2024-10-31 03:54:24,samdul-load_balancer-1,0.80%,87.34%
2024-10-31 03:54:24,samdul-blog-1,1.40%,100.00%
2024-10-31 03:54:28,samdul-load_balancer-1,1.02%,86.45%
2024-10-31 03:54:28,samdul-blog-1,1.03%,98.12%
2024-10-31 03:54:32,samdul-load_balancer-1,1.10%,86.89%
2024-10-31 03:54:32,samdul-blog-1,1.00%,96.72%
2024-10-31 03:54:36,samdul-load_balancer-1,0.22%,87.42%
2024-10-31 03:54:36,samdul-blog-1,1.52%,100.00%
2024-10-31 03:54:40,samdul-load_balancer-1,0.12%,87.40%
2024-10-31 03:54:40,samdul-blog-1,0.00%,100.00%
2024-10-31 03:54:44,samdul-load_balancer-1,0.13%,86.17%
2024-10-31 03:54:44,samdul-blog-1,1.42%,100.00%
2024-10-31 03:54:48,samdul-load_balancer-1,0.34%,89.20%
2024-10-31 03:54:52,samdul-load_balancer-1,1.00%,99.30%
2024-10-31 03:54:56,samdul-load_balancer-1,1.02%,100.00%
2024-10-31 03:55:00,samdul-load_balancer-1,1.00%,100.00%
2024-10-31 03:55:04,samdul-load_balancer-1,1.02%,99.75%
2024-10-31 03:55:08,samdul-load_balancer-1,1.01%,100.00%
2024-10-31 03:55:12,samdul-load_balancer-1,1.03%,97.52%
2024-10-31 03:55:16,samdul-load_balancer-1,1.01%,98.54%
2024-10-31 03:55:20,samdul-load_balancer-1,1.02%,97.34%
2024-10-31 03:55:24,samdul-load_balancer-1,0.95%,95.66%
2024-10-31 03:55:28,samdul-load_balancer-1,0.00%,99.75%
2024-10-31 03:55:32,samdul-load_balancer-1,0.11%,92.27%
2024-10-31 03:55:36,samdul-load_balancer-1,0.10%,92.27%
2024-10-31 03:55:40,samdul-load_balancer-1,0.10%,92.30%
2024-10-31 03:55:44,samdul-load_balancer-1,0.11%,92.38%
2024-10-31 03:55:48,samdul-load_balancer-1,0.11%,92.40%
2024-10-31 03:55:52,samdul-load_balancer-1,0.12%,92.50%
2024-10-31 03:55:56,samdul-load_balancer-1,0.12%,92.54%
2024-10-31 03:56:00,samdul-load_balancer-1,0.11%,92.58%
2024-10-31 03:56:04,samdul-load_balancer-1,0.11%,92.71%
2024-10-31 03:56:08,samdul-load_balancer-1,0.12%,92.71%
2024-10-31 03:56:12,samdul-load_balancer-1,0.09%,94.28%
2024-10-31 03:56:16,samdul-load_balancer-1,0.11%,94.28%
2024-10-31 03:56:20,samdul-load_balancer-1,0.11%,94.28%
2024-10-31 03:56:24,samdul-load_balancer-1,0.11%,94.30%
2024-10-31 03:56:28,samdul-load_balancer-1,0.10%,94.30%
2024-10-31 03:56:32,samdul-load_balancer-1,0.11%,94.34%
2024-10-31 03:56:36,samdul-load_balancer-1,0.11%,94.34%
2024-10-31 03:56:40,samdul-load_balancer-1,0.12%,94.34%
2024-10-31 03:56:44,samdul-load_balancer-1,0.13%,94.38%
2024-10-31 03:56:48,samdul-load_balancer-1,0.11%,94.41%
2024-10-31 03:56:52,samdul-load_balancer-1,0.11%,94.45%
2024-10-31 03:56:56,samdul-load_balancer-1,0.11%,94.49%
2024-10-31 03:57:00,samdul-load_balancer-1,0.15%,94.53%
2024-10-31 03:57:04,samdul-load_balancer-1,0.13%,94.57%
2024-10-31 03:57:08,samdul-load_balancer-1,0.11%,94.57%
2024-10-31 03:57:12,samdul-load_balancer-1,0.12%,94.65%
2024-10-31 03:57:16,samdul-load_balancer-1,0.11%,94.65%
2024-10-31 03:57:20,samdul-load_balancer-1,0.15%,94.67%
2024-10-31 03:57:24,samdul-load_balancer-1,0.11%,94.67%
2024-10-31 03:57:28,samdul-load_balancer-1,0.12%,94.67%
2024-10-31 03:57:32,samdul-load_balancer-1,0.10%,94.67%
2024-10-31 03:57:37,samdul-load_balancer-1,0.11%,94.67%
2024-10-31 03:57:41,samdul-load_balancer-1,0.14%,94.67%
2024-10-31 03:57:45,samdul-load_balancer-1,0.10%,94.67%
2024-10-31 03:57:49,samdul-load_balancer-1,0.10%,94.67%
2024-10-31 03:57:53,samdul-load_balancer-1,0.11%,94.67%
2024-10-31 03:57:57,samdul-load_balancer-1,0.12%,94.67%
2024-10-31 03:58:01,samdul-load_balancer-1,0.15%,94.67%
2024-10-31 03:58:05,samdul-load_balancer-1,0.12%,94.67%
2024-10-31 03:58:09,samdul-load_balancer-1,0.11%,94.67%
2024-10-31 03:58:13,samdul-load_balancer-1,0.10%,92.13%
2024-10-31 03:58:17,samdul-load_balancer-1,0.10%,92.13%
2024-10-31 03:58:21,samdul-load_balancer-1,0.15%,92.13%
2024-10-31 03:58:25,samdul-load_balancer-1,0.10%,92.13%
2024-10-31 03:58:29,samdul-load_balancer-1,0.09%,92.13%
2024-10-31 03:58:33,samdul-load_balancer-1,0.12%,87.40%
2024-10-31 03:58:37,samdul-load_balancer-1,0.12%,87.40%
2024-10-31 03:58:41,samdul-load_balancer-1,0.15%,87.42%
2024-10-31 03:58:45,samdul-load_balancer-1,0.11%,87.42%
2024-10-31 03:58:49,samdul-load_balancer-1,0.12%,87.42%
2024-10-31 03:58:53,samdul-load_balancer-1,0.12%,87.44%
2024-10-31 03:58:57,samdul-load_balancer-1,0.11%,87.46%
2024-10-31 03:59:01,samdul-load_balancer-1,0.16%,87.46%
2024-10-31 03:59:05,samdul-load_balancer-1,0.13%,87.46%
2024-10-31 03:59:09,samdul-load_balancer-1,0.12%,87.46%
2024-10-31 03:59:13,samdul-load_balancer-1,0.12%,87.46%
2024-10-31 03:59:17,samdul-load_balancer-1,0.11%,87.46%
2024-10-31 03:59:21,samdul-load_balancer-1,0.16%,87.46%
2024-10-31 03:59:25,samdul-load_balancer-1,0.13%,87.46%
2024-10-31 03:59:29,samdul-load_balancer-1,0.12%,87.46%
2024-10-31 03:59:33,samdul-load_balancer-1,0.11%,87.46%
2024-10-31 03:59:37,samdul-load_balancer-1,0.12%,87.46%
2024-10-31 03:59:41,samdul-load_balancer-1,0.16%,87.46%
2024-10-31 03:59:45,samdul-load_balancer-1,0.11%,87.46%
2024-10-31 03:59:49,samdul-load_balancer-1,0.12%,87.46%
2024-10-31 03:59:53,samdul-load_balancer-1,0.12%,87.46%
2024-10-31 03:59:57,samdul-load_balancer-1,0.11%,87.46%
2024-10-31 04:00:01,samdul-load_balancer-1,0.16%,87.46%
2024-10-31 04:00:05,samdul-load_balancer-1,0.11%,87.46%
2024-10-31 04:00:09,samdul-load_balancer-1,0.13%,87.46%
2024-10-31 04:00:13,samdul-load_balancer-1,0.12%,87.46%
2024-10-31 04:00:17,samdul-load_balancer-1,0.12%,87.46%
2024-10-31 04:00:21,samdul-load_balancer-1,0.16%,87.46%
2024-10-31 04:00:25,samdul-load_balancer-1,0.11%,87.46%
2024-10-31 04:00:29,samdul-load_balancer-1,0.11%,87.46%
2024-10-31 04:00:33,samdul-load_balancer-1,0.12%,87.25%
2024-10-31 04:00:37,samdul-load_balancer-1,0.12%,87.25%
2024-10-31 04:00:41,samdul-load_balancer-1,0.15%,87.25%
2024-10-31 04:00:45,samdul-load_balancer-1,0.13%,87.25%
2024-10-31 04:00:49,samdul-load_balancer-1,0.13%,87.25%
2024-10-31 04:00:53,samdul-load_balancer-1,0.13%,87.25%
2024-10-31 04:00:57,samdul-load_balancer-1,0.12%,87.25%
2024-10-31 04:01:01,samdul-load_balancer-1,0.16%,87.25%
2024-10-31 04:01:05,samdul-load_balancer-1,0.11%,87.25%
2024-10-31 04:01:09,samdul-load_balancer-1,0.11%,87.25%
2024-10-31 04:01:13,samdul-load_balancer-1,0.12%,87.25%
2024-10-31 04:01:17,samdul-load_balancer-1,0.12%,87.25%
2024-10-31 04:01:21,samdul-load_balancer-1,0.15%,87.25%
2024-10-31 04:01:25,samdul-load_balancer-1,0.11%,87.25%
2024-10-31 04:01:29,samdul-load_balancer-1,0.12%,87.25%
2024-10-31 04:01:33,samdul-load_balancer-1,0.12%,87.25%
2024-10-31 04:01:37,samdul-load_balancer-1,0.12%,87.25%
2024-10-31 04:01:41,samdul-load_balancer-1,0.15%,87.25%
2024-10-31 04:01:45,samdul-load_balancer-1,0.12%,87.25%
2024-10-31 04:01:49,samdul-load_balancer-1,0.12%,87.25%
2024-10-31 04:01:53,samdul-load_balancer-1,0.13%,87.25%
2024-10-31 04:01:57,samdul-load_balancer-1,0.12%,87.25%
2024-10-31 04:02:01,samdul-load_balancer-1,0.16%,87.25%
2024-10-31 04:02:05,samdul-load_balancer-1,0.12%,87.25%
2024-10-31 04:02:09,samdul-load_balancer-1,0.11%,87.25%
2024-10-31 04:02:13,samdul-load_balancer-1,0.11%,87.25%
2024-10-31 04:02:17,samdul-load_balancer-1,0.11%,87.25%
2024-10-31 04:02:21,samdul-load_balancer-1,0.15%,87.25%
2024-10-31 04:02:25,samdul-load_balancer-1,0.12%,87.25%
2024-10-31 04:02:29,samdul-load_balancer-1,0.12%,87.25%
2024-10-31 04:02:33,samdul-load_balancer-1,0.13%,87.05%
2024-10-31 04:02:37,samdul-load_balancer-1,0.12%,87.05%
2024-10-31 04:02:41,samdul-load_balancer-1,0.16%,87.05%
2024-10-31 04:02:45,samdul-load_balancer-1,0.12%,87.05%
2024-10-31 04:02:49,samdul-load_balancer-1,0.12%,87.05%
2024-10-31 04:02:53,samdul-load_balancer-1,0.12%,87.05%
2024-10-31 04:02:57,samdul-load_balancer-1,0.12%,87.05%
2024-10-31 04:03:01,samdul-load_balancer-1,0.12%,87.05%
2024-10-31 04:03:05,samdul-load_balancer-1,0.13%,87.05%
2024-10-31 04:03:09,samdul-load_balancer-1,0.12%,87.05%
2024-10-31 04:03:13,samdul-load_balancer-1,0.12%,87.05%
2024-10-31 04:03:18,samdul-load_balancer-1,0.13%,87.05%
2024-10-31 04:03:22,samdul-load_balancer-1,0.12%,87.05%
2024-10-31 04:03:26,samdul-load_balancer-1,0.11%,87.05%
2024-10-31 04:03:30,samdul-load_balancer-1,0.12%,87.05%
2024-10-31 04:03:34,samdul-load_balancer-1,0.12%,87.05%
2024-10-31 04:03:38,samdul-load_balancer-1,0.11%,87.05%
2024-10-31 04:03:42,samdul-load_balancer-1,0.12%,87.05%
2024-10-31 04:03:46,samdul-load_balancer-1,0.11%,87.05%
2024-10-31 04:03:50,samdul-load_balancer-1,0.12%,87.05%
2024-10-31 04:03:54,samdul-load_balancer-1,0.11%,87.05%
2024-10-31 04:03:58,samdul-load_balancer-1,0.12%,87.05%
2024-10-31 04:04:02,samdul-load_balancer-1,0.11%,87.05%
2024-10-31 04:04:06,samdul-load_balancer-1,0.13%,87.05%
2024-10-31 04:04:10,samdul-load_balancer-1,0.20%,87.05%
2024-10-31 04:04:14,samdul-load_balancer-1,0.12%,87.05%
2024-10-31 04:04:18,samdul-load_balancer-1,0.12%,87.05%
2024-10-31 04:04:22,samdul-load_balancer-1,0.13%,87.05%
2024-10-31 04:04:26,samdul-load_balancer-1,0.12%,87.05%
2024-10-31 04:04:30,samdul-load_balancer-1,0.12%,87.05%
2024-10-31 04:04:34,samdul-load_balancer-1,0.13%,86.89%
2024-10-31 04:04:38,samdul-load_balancer-1,0.12%,86.89%
2024-10-31 04:04:42,samdul-load_balancer-1,0.11%,86.89%
2024-10-31 04:04:46,samdul-load_balancer-1,0.11%,86.89%
2024-10-31 04:04:50,samdul-load_balancer-1,0.12%,86.89%
2024-10-31 04:04:54,samdul-load_balancer-1,0.11%,86.89%
2024-10-31 04:04:58,samdul-load_balancer-1,0.12%,86.89%
2024-10-31 04:05:02,samdul-load_balancer-1,0.12%,86.89%
2024-10-31 04:05:06,samdul-load_balancer-1,0.11%,86.89%
2024-10-31 04:05:10,samdul-load_balancer-1,0.11%,86.89%
2024-10-31 04:05:14,samdul-load_balancer-1,0.11%,86.89%
2024-10-31 04:05:18,samdul-load_balancer-1,0.11%,86.89%
2024-10-31 04:05:22,samdul-load_balancer-1,0.13%,86.89%
2024-10-31 04:05:26,samdul-load_balancer-1,0.13%,86.89%
2024-10-31 04:05:30,samdul-load_balancer-1,0.13%,86.89%
2024-10-31 04:05:34,samdul-load_balancer-1,0.12%,86.89%
2024-10-31 04:05:38,samdul-load_balancer-1,0.11%,86.89%
2024-10-31 04:05:42,samdul-load_balancer-1,0.12%,86.89%
2024-10-31 04:05:46,samdul-load_balancer-1,0.12%,86.89%
2024-10-31 04:05:50,samdul-load_balancer-1,0.12%,86.89%
2024-10-31 04:05:54,samdul-load_balancer-1,0.12%,86.89%
2024-10-31 04:05:58,samdul-load_balancer-1,0.12%,86.89%
2024-10-31 04:06:02,samdul-load_balancer-1,0.12%,86.89%
2024-10-31 04:06:06,samdul-load_balancer-1,0.12%,86.89%
2024-10-31 04:06:10,samdul-load_balancer-1,0.22%,86.89%
2024-10-31 04:06:14,samdul-load_balancer-1,0.13%,86.89%
2024-10-31 04:06:18,samdul-load_balancer-1,0.12%,86.89%
2024-10-31 04:06:22,samdul-load_balancer-1,0.11%,86.89%
2024-10-31 04:06:26,samdul-load_balancer-1,0.11%,86.89%
2024-10-31 04:06:30,samdul-load_balancer-1,0.12%,86.74%
2024-10-31 04:06:34,samdul-load_balancer-1,0.10%,86.74%
2024-10-31 04:06:38,samdul-load_balancer-1,0.12%,86.74%
2024-10-31 04:06:42,samdul-load_balancer-1,0.11%,86.74%
2024-10-31 04:06:46,samdul-load_balancer-1,0.11%,86.74%
2024-10-31 04:06:50,samdul-load_balancer-1,0.12%,86.74%
2024-10-31 04:06:54,samdul-load_balancer-1,0.11%,86.74%
2024-10-31 04:06:58,samdul-load_balancer-1,0.11%,86.74%
2024-10-31 04:07:02,samdul-load_balancer-1,0.11%,86.74%
2024-10-31 04:07:06,samdul-load_balancer-1,0.11%,86.74%
2024-10-31 04:07:10,samdul-load_balancer-1,0.10%,86.74%
2024-10-31 04:07:14,samdul-load_balancer-1,0.11%,86.74%
2024-10-31 04:07:18,samdul-load_balancer-1,0.12%,86.74%
2024-10-31 04:07:22,samdul-load_balancer-1,0.12%,86.74%
2024-10-31 04:07:26,samdul-load_balancer-1,0.12%,86.74%
2024-10-31 04:07:30,samdul-load_balancer-1,0.16%,86.74%
2024-10-31 04:07:34,samdul-load_balancer-1,0.13%,86.74%
2024-10-31 04:07:38,samdul-load_balancer-1,0.11%,86.74%
2024-10-31 04:07:42,samdul-load_balancer-1,0.09%,86.74%
2024-10-31 04:07:46,samdul-load_balancer-1,0.11%,86.74%
2024-10-31 04:07:50,samdul-load_balancer-1,0.12%,86.74%
2024-10-31 04:07:54,samdul-load_balancer-1,0.11%,86.74%
2024-10-31 04:07:58,samdul-load_balancer-1,0.12%,86.74%
2024-10-31 04:08:02,samdul-load_balancer-1,0.11%,86.74%
2024-10-31 04:08:06,samdul-load_balancer-1,0.12%,86.74%
2024-10-31 04:08:10,samdul-load_balancer-1,0.19%,86.74%
2024-10-31 04:08:14,samdul-load_balancer-1,0.11%,86.74%
2024-10-31 04:08:18,samdul-load_balancer-1,0.11%,86.74%
2024-10-31 04:08:22,samdul-load_balancer-1,0.11%,86.74%
2024-10-31 04:08:26,samdul-load_balancer-1,0.10%,86.74%
2024-10-31 04:08:30,samdul-load_balancer-1,0.13%,86.58%
2024-10-31 04:08:34,samdul-load_balancer-1,0.11%,86.58%
2024-10-31 04:08:38,samdul-load_balancer-1,0.11%,86.58%
2024-10-31 04:08:42,samdul-load_balancer-1,0.11%,86.58%
2024-10-31 04:08:46,samdul-load_balancer-1,0.11%,86.58%
2024-10-31 04:08:50,samdul-load_balancer-1,0.15%,86.58%
2024-10-31 04:08:54,samdul-load_balancer-1,0.10%,86.58%
2024-10-31 04:08:58,samdul-load_balancer-1,0.12%,86.58%
2024-10-31 04:09:03,samdul-load_balancer-1,0.11%,86.58%
2024-10-31 04:09:07,samdul-load_balancer-1,0.12%,86.58%
2024-10-31 04:09:11,samdul-load_balancer-1,0.16%,86.58%
2024-10-31 04:09:15,samdul-load_balancer-1,0.11%,86.58%
2024-10-31 04:09:19,samdul-load_balancer-1,0.11%,86.58%
2024-10-31 04:09:23,samdul-load_balancer-1,0.11%,86.58%
2024-10-31 04:09:27,samdul-load_balancer-1,0.12%,86.58%
2024-10-31 04:09:31,samdul-load_balancer-1,0.19%,86.58%
2024-10-31 04:09:35,samdul-load_balancer-1,0.12%,86.58%
2024-10-31 04:09:39,samdul-load_balancer-1,0.13%,86.58%
2024-10-31 04:09:43,samdul-load_balancer-1,0.12%,86.58%
2024-10-31 04:09:47,samdul-load_balancer-1,0.11%,86.58%
2024-10-31 04:09:51,samdul-load_balancer-1,0.15%,86.58%
2024-10-31 04:09:55,samdul-load_balancer-1,0.11%,86.58%
2024-10-31 04:09:59,samdul-load_balancer-1,0.12%,86.58%
2024-10-31 04:10:03,samdul-load_balancer-1,0.12%,86.58%
2024-10-31 04:10:07,samdul-load_balancer-1,0.12%,86.58%
2024-10-31 04:10:11,samdul-load_balancer-1,0.15%,86.58%
2024-10-31 04:10:15,samdul-load_balancer-1,0.13%,86.58%
2024-10-31 04:10:19,samdul-load_balancer-1,0.11%,86.58%
2024-10-31 04:10:23,samdul-load_balancer-1,0.12%,86.58%
2024-10-31 04:10:27,samdul-load_balancer-1,0.12%,86.58%
2024-10-31 04:10:31,samdul-load_balancer-1,0.18%,86.43%
2024-10-31 04:10:35,samdul-load_balancer-1,0.12%,86.43%
2024-10-31 04:10:39,samdul-load_balancer-1,0.12%,86.43%
2024-10-31 04:10:43,samdul-load_balancer-1,0.12%,86.43%
2024-10-31 04:10:47,samdul-load_balancer-1,0.11%,86.43%
2024-10-31 04:10:51,samdul-load_balancer-1,0.15%,86.43%
2024-10-31 04:10:55,samdul-load_balancer-1,0.11%,86.43%
2024-10-31 04:10:59,samdul-load_balancer-1,0.10%,86.43%
2024-10-31 04:11:03,samdul-load_balancer-1,0.11%,86.43%
2024-10-31 04:11:07,samdul-load_balancer-1,0.11%,86.43%
2024-10-31 04:11:11,samdul-load_balancer-1,0.15%,86.43%
2024-10-31 04:11:15,samdul-load_balancer-1,0.12%,86.43%
2024-10-31 04:11:19,samdul-load_balancer-1,0.11%,86.43%
2024-10-31 04:11:23,samdul-load_balancer-1,0.12%,86.43%
2024-10-31 04:11:27,samdul-load_balancer-1,0.12%,86.43%
2024-10-31 04:11:31,samdul-load_balancer-1,0.22%,86.43%
2024-10-31 04:11:35,samdul-load_balancer-1,0.12%,86.43%
2024-10-31 04:11:39,samdul-load_balancer-1,0.12%,86.43%
2024-10-31 04:11:43,samdul-load_balancer-1,0.12%,86.43%
2024-10-31 04:11:47,samdul-load_balancer-1,0.10%,86.43%
2024-10-31 04:11:51,samdul-load_balancer-1,0.16%,86.43%
2024-10-31 04:11:55,samdul-load_balancer-1,0.10%,86.43%
2024-10-31 04:11:59,samdul-load_balancer-1,0.13%,86.43%
2024-10-31 04:12:03,samdul-load_balancer-1,0.13%,86.43%
2024-10-31 04:12:07,samdul-load_balancer-1,0.12%,86.43%
2024-10-31 04:12:11,samdul-load_balancer-1,0.16%,86.43%
2024-10-31 04:12:15,samdul-load_balancer-1,0.11%,86.43%
2024-10-31 04:12:19,samdul-load_balancer-1,0.11%,86.43%
2024-10-31 04:12:23,samdul-load_balancer-1,0.12%,86.43%
2024-10-31 04:12:27,samdul-load_balancer-1,0.10%,86.43%
2024-10-31 04:12:31,samdul-load_balancer-1,0.14%,86.27%
2024-10-31 04:12:35,samdul-load_balancer-1,0.12%,86.27%
2024-10-31 04:12:39,samdul-load_balancer-1,0.11%,86.27%
2024-10-31 04:12:43,samdul-load_balancer-1,0.12%,86.27%
2024-10-31 04:12:47,samdul-load_balancer-1,0.11%,86.27%
2024-10-31 04:12:51,samdul-load_balancer-1,0.17%,86.27%
2024-10-31 04:12:55,samdul-load_balancer-1,0.12%,86.27%
2024-10-31 04:12:59,samdul-load_balancer-1,0.11%,86.27%
2024-10-31 04:13:03,samdul-load_balancer-1,0.11%,86.27%
2024-10-31 04:13:07,samdul-load_balancer-1,0.11%,86.27%
2024-10-31 04:13:11,samdul-load_balancer-1,0.15%,86.27%
2024-10-31 04:13:15,samdul-load_balancer-1,0.11%,86.27%
2024-10-31 04:13:19,samdul-load_balancer-1,0.11%,86.27%
2024-10-31 04:13:23,samdul-load_balancer-1,0.11%,86.27%
2024-10-31 04:13:27,samdul-load_balancer-1,0.11%,86.27%
2024-10-31 04:13:31,samdul-load_balancer-1,0.13%,86.27%
2024-10-31 04:13:35,samdul-load_balancer-1,0.11%,86.27%
2024-10-31 04:13:39,samdul-load_balancer-1,0.10%,86.27%
2024-10-31 04:13:43,samdul-load_balancer-1,0.11%,86.27%
2024-10-31 04:13:47,samdul-load_balancer-1,0.11%,86.27%
2024-10-31 04:13:51,samdul-load_balancer-1,0.16%,86.27%
2024-10-31 04:13:55,samdul-load_balancer-1,0.10%,86.27%
2024-10-31 04:13:59,samdul-load_balancer-1,0.11%,86.27%
2024-10-31 04:14:03,samdul-load_balancer-1,0.11%,86.27%
2024-10-31 04:14:07,samdul-load_balancer-1,0.11%,86.27%
2024-10-31 04:14:11,samdul-load_balancer-1,0.15%,86.27%
2024-10-31 04:14:15,samdul-load_balancer-1,0.11%,86.27%
2024-10-31 04:14:19,samdul-load_balancer-1,0.10%,86.27%
2024-10-31 04:14:23,samdul-load_balancer-1,0.11%,86.27%
2024-10-31 04:14:27,samdul-load_balancer-1,0.10%,86.27%
2024-10-31 04:14:31,samdul-load_balancer-1,0.13%,86.11%
2024-10-31 04:14:35,samdul-load_balancer-1,0.10%,86.11%
2024-10-31 04:14:39,samdul-load_balancer-1,0.11%,86.11%
2024-10-31 04:14:43,samdul-load_balancer-1,0.10%,86.11%
2024-10-31 04:14:47,samdul-load_balancer-1,0.11%,86.11%
2024-10-31 04:14:52,samdul-load_balancer-1,0.10%,86.11%
2024-10-31 04:14:56,samdul-load_balancer-1,0.12%,86.11%
2024-10-31 04:15:00,samdul-load_balancer-1,0.10%,86.11%
2024-10-31 04:15:04,samdul-load_balancer-1,0.10%,86.11%
2024-10-31 04:15:08,samdul-load_balancer-1,0.10%,86.11%
2024-10-31 04:15:12,samdul-load_balancer-1,0.10%,86.11%
2024-10-31 04:15:16,samdul-load_balancer-1,0.10%,86.11%
2024-10-31 04:15:20,samdul-load_balancer-1,0.11%,86.11%
2024-10-31 04:15:24,samdul-load_balancer-1,0.10%,86.11%
2024-10-31 04:15:28,samdul-load_balancer-1,0.11%,86.11%
2024-10-31 04:15:32,samdul-load_balancer-1,0.11%,86.11%
2024-10-31 04:15:36,samdul-load_balancer-1,0.11%,86.11%
2024-10-31 04:15:40,samdul-load_balancer-1,0.12%,86.11%
2024-10-31 04:15:44,samdul-load_balancer-1,0.12%,86.11%
2024-10-31 04:15:48,samdul-load_balancer-1,0.12%,86.11%
2024-10-31 04:15:52,samdul-load_balancer-1,0.12%,86.11%
2024-10-31 04:15:56,samdul-load_balancer-1,0.09%,86.11%
2024-10-31 04:16:00,samdul-load_balancer-1,0.11%,86.11%
2024-10-31 04:16:04,samdul-load_balancer-1,0.10%,86.11%
2024-10-31 04:16:08,samdul-load_balancer-1,0.10%,86.11%
2024-10-31 04:16:12,samdul-load_balancer-1,0.10%,86.11%
2024-10-31 04:16:16,samdul-load_balancer-1,0.11%,86.11%
2024-10-31 04:16:20,samdul-load_balancer-1,0.11%,86.11%
2024-10-31 04:16:24,samdul-load_balancer-1,0.11%,86.11%
2024-10-31 04:16:28,samdul-load_balancer-1,0.11%,86.11%
2024-10-31 04:16:32,samdul-load_balancer-1,0.11%,85.96%
2024-10-31 04:16:36,samdul-load_balancer-1,0.12%,85.96%
2024-10-31 04:16:40,samdul-load_balancer-1,0.10%,85.96%
2024-10-31 04:16:44,samdul-load_balancer-1,0.11%,85.96%
2024-10-31 04:16:48,samdul-load_balancer-1,0.12%,85.96%
2024-10-31 04:16:52,samdul-load_balancer-1,0.13%,85.98%
2024-10-31 04:16:56,samdul-load_balancer-1,0.11%,85.98%
2024-10-31 04:17:00,samdul-load_balancer-1,0.11%,85.98%
2024-10-31 04:17:04,samdul-load_balancer-1,0.10%,85.98%
2024-10-31 04:17:08,samdul-load_balancer-1,0.12%,85.98%
2024-10-31 04:17:12,samdul-load_balancer-1,0.11%,85.98%
2024-10-31 04:17:16,samdul-load_balancer-1,0.11%,85.98%
2024-10-31 04:17:20,samdul-load_balancer-1,0.12%,85.98%
2024-10-31 04:17:24,samdul-load_balancer-1,0.11%,85.98%
2024-10-31 04:17:28,samdul-load_balancer-1,0.12%,85.98%
2024-10-31 04:17:32,samdul-load_balancer-1,0.11%,85.98%
2024-10-31 04:17:36,samdul-load_balancer-1,0.12%,85.98%
2024-10-31 04:17:40,samdul-load_balancer-1,0.11%,85.98%
2024-10-31 04:17:44,samdul-load_balancer-1,0.11%,85.98%
2024-10-31 04:17:48,samdul-load_balancer-1,0.10%,85.98%
2024-10-31 04:17:52,samdul-load_balancer-1,0.11%,85.98%
2024-10-31 04:17:56,samdul-load_balancer-1,0.11%,85.98%
2024-10-31 04:18:00,samdul-load_balancer-1,0.12%,85.98%
2024-10-31 04:18:04,samdul-load_balancer-1,0.12%,85.98%
2024-10-31 04:18:08,samdul-load_balancer-1,0.12%,85.98%
2024-10-31 04:18:12,samdul-load_balancer-1,0.12%,85.98%
2024-10-31 04:18:16,samdul-load_balancer-1,0.12%,85.98%
2024-10-31 04:18:20,samdul-load_balancer-1,0.11%,85.98%
2024-10-31 04:18:24,samdul-load_balancer-1,0.10%,85.98%
2024-10-31 04:18:28,samdul-load_balancer-1,0.11%,85.98%
2024-10-31 04:18:32,samdul-load_balancer-1,0.10%,85.98%
2024-10-31 04:18:36,samdul-load_balancer-1,0.11%,85.98%
2024-10-31 04:18:40,samdul-load_balancer-1,0.13%,85.98%
2024-10-31 04:18:44,samdul-load_balancer-1,0.13%,85.98%
2024-10-31 04:18:48,samdul-load_balancer-1,0.11%,85.98%
2024-10-31 04:18:52,samdul-load_balancer-1,0.10%,85.98%
2024-10-31 04:18:56,samdul-load_balancer-1,0.10%,85.98%
2024-10-31 04:19:00,samdul-load_balancer-1,0.11%,85.98%
2024-10-31 04:19:04,samdul-load_balancer-1,0.12%,85.98%
2024-10-31 04:19:08,samdul-load_balancer-1,0.12%,85.98%
2024-10-31 04:19:12,samdul-load_balancer-1,0.12%,85.98%
2024-10-31 04:19:16,samdul-load_balancer-1,0.12%,85.98%
2024-10-31 04:19:20,samdul-load_balancer-1,0.11%,85.98%
2024-10-31 04:19:24,samdul-load_balancer-1,0.11%,85.98%
2024-10-31 04:19:28,samdul-load_balancer-1,0.10%,85.98%
2024-10-31 04:19:32,samdul-load_balancer-1,0.11%,86.13%
2024-10-31 04:19:36,samdul-load_balancer-1,0.11%,86.13%
2024-10-31 04:19:40,samdul-load_balancer-1,0.11%,86.13%
2024-10-31 04:19:44,samdul-load_balancer-1,0.12%,86.13%
2024-10-31 04:19:48,samdul-load_balancer-1,0.12%,86.13%
2024-10-31 04:19:52,samdul-load_balancer-1,0.11%,86.13%
2024-10-31 04:19:56,samdul-load_balancer-1,0.12%,86.13%
2024-10-31 04:20:00,samdul-load_balancer-1,0.12%,86.13%
2024-10-31 04:20:04,samdul-load_balancer-1,0.11%,86.13%
2024-10-31 04:20:08,samdul-load_balancer-1,0.12%,86.13%
2024-10-31 04:20:12,samdul-load_balancer-1,0.11%,86.13%
2024-10-31 04:20:16,samdul-load_balancer-1,0.12%,86.13%
2024-10-31 04:20:20,samdul-load_balancer-1,0.12%,86.13%
2024-10-31 04:20:24,samdul-load_balancer-1,0.11%,86.13%
2024-10-31 04:20:28,samdul-load_balancer-1,0.11%,86.13%
2024-10-31 04:20:33,samdul-load_balancer-1,0.11%,85.82%
2024-10-31 04:20:37,samdul-load_balancer-1,0.12%,85.82%
2024-10-31 04:20:41,samdul-load_balancer-1,0.12%,85.82%
2024-10-31 04:20:45,samdul-load_balancer-1,0.12%,85.82%
2024-10-31 04:20:49,samdul-load_balancer-1,0.10%,85.82%
2024-10-31 04:20:53,samdul-load_balancer-1,0.12%,85.82%
2024-10-31 04:20:57,samdul-load_balancer-1,0.11%,85.82%
2024-10-31 04:21:01,samdul-load_balancer-1,0.15%,85.82%
2024-10-31 04:21:05,samdul-load_balancer-1,0.12%,85.82%
2024-10-31 04:21:09,samdul-load_balancer-1,0.11%,85.82%
2024-10-31 04:21:13,samdul-load_balancer-1,0.11%,85.82%
2024-10-31 04:21:17,samdul-load_balancer-1,0.10%,85.82%
2024-10-31 04:21:21,samdul-load_balancer-1,0.16%,85.82%
2024-10-31 04:21:25,samdul-load_balancer-1,0.10%,85.82%
2024-10-31 04:21:29,samdul-load_balancer-1,0.12%,85.82%
2024-10-31 04:21:33,samdul-load_balancer-1,0.11%,85.98%
2024-10-31 04:21:37,samdul-load_balancer-1,0.09%,85.98%
2024-10-31 04:21:41,samdul-load_balancer-1,0.14%,85.98%
2024-10-31 04:21:45,samdul-load_balancer-1,0.11%,85.98%
2024-10-31 04:21:49,samdul-load_balancer-1,0.10%,85.98%
2024-10-31 04:21:53,samdul-load_balancer-1,0.11%,85.98%
2024-10-31 04:21:57,samdul-load_balancer-1,0.10%,85.98%
2024-10-31 04:22:01,samdul-load_balancer-1,0.15%,85.98%
2024-10-31 04:22:05,samdul-load_balancer-1,0.11%,85.98%
2024-10-31 04:22:09,samdul-load_balancer-1,0.11%,85.98%
2024-10-31 04:22:13,samdul-load_balancer-1,0.11%,85.98%
2024-10-31 04:22:17,samdul-load_balancer-1,0.11%,85.98%
2024-10-31 04:22:21,samdul-load_balancer-1,0.14%,85.98%
2024-10-31 04:22:25,samdul-load_balancer-1,0.11%,85.98%
2024-10-31 04:22:29,samdul-load_balancer-1,0.11%,85.98%
2024-10-31 04:22:33,samdul-load_balancer-1,0.10%,85.98%
2024-10-31 04:22:37,samdul-load_balancer-1,0.11%,85.98%
2024-10-31 04:22:41,samdul-load_balancer-1,0.15%,85.98%
2024-10-31 04:22:45,samdul-load_balancer-1,0.12%,85.98%
2024-10-31 04:22:49,samdul-load_balancer-1,0.12%,85.98%
2024-10-31 04:22:53,samdul-load_balancer-1,0.12%,85.98%
2024-10-31 04:22:57,samdul-load_balancer-1,0.11%,85.98%
2024-10-31 04:23:01,samdul-load_balancer-1,0.16%,85.98%
2024-10-31 04:23:05,samdul-load_balancer-1,0.11%,85.98%
2024-10-31 04:23:09,samdul-load_balancer-1,0.10%,85.98%
2024-10-31 04:23:13,samdul-load_balancer-1,0.11%,85.98%
2024-10-31 04:23:17,samdul-load_balancer-1,0.11%,85.98%
2024-10-31 04:23:21,samdul-load_balancer-1,0.17%,85.98%
2024-10-31 04:23:25,samdul-load_balancer-1,0.12%,85.98%
2024-10-31 04:23:29,samdul-load_balancer-1,0.11%,85.98%
2024-10-31 04:23:33,samdul-load_balancer-1,0.12%,85.98%
2024-10-31 04:23:37,samdul-load_balancer-1,0.12%,85.98%
2024-10-31 04:23:41,samdul-load_balancer-1,0.16%,85.98%
2024-10-31 04:23:45,samdul-load_balancer-1,0.12%,85.98%
2024-10-31 04:23:49,samdul-load_balancer-1,0.11%,85.98%
2024-10-31 04:23:53,samdul-load_balancer-1,0.11%,85.98%
2024-10-31 04:23:57,samdul-load_balancer-1,0.12%,85.98%
2024-10-31 04:24:01,samdul-load_balancer-1,0.15%,85.98%
2024-10-31 04:24:05,samdul-load_balancer-1,0.12%,85.98%
2024-10-31 04:24:09,samdul-load_balancer-1,0.11%,85.98%
2024-10-31 04:24:13,samdul-load_balancer-1,0.10%,85.98%
2024-10-31 04:24:17,samdul-load_balancer-1,0.11%,85.98%
2024-10-31 04:24:21,samdul-load_balancer-1,0.16%,85.98%
2024-10-31 04:24:25,samdul-load_balancer-1,0.11%,85.98%
2024-10-31 04:24:29,samdul-load_balancer-1,0.12%,85.98%
2024-10-31 04:24:33,samdul-load_balancer-1,0.10%,85.98%
2024-10-31 04:24:37,samdul-load_balancer-1,0.11%,85.98%
2024-10-31 04:24:41,samdul-load_balancer-1,0.16%,85.98%
2024-10-31 04:24:45,samdul-load_balancer-1,0.12%,85.98%
2024-10-31 04:24:49,samdul-load_balancer-1,0.12%,85.98%
2024-10-31 04:24:53,samdul-load_balancer-1,0.11%,85.98%
2024-10-31 04:24:57,samdul-load_balancer-1,0.10%,85.98%
2024-10-31 04:25:01,samdul-load_balancer-1,0.15%,85.98%
2024-10-31 04:25:05,samdul-load_balancer-1,0.12%,85.98%
2024-10-31 04:25:09,samdul-load_balancer-1,0.12%,85.98%
2024-10-31 04:25:13,samdul-load_balancer-1,0.11%,85.98%
2024-10-31 04:25:17,samdul-load_balancer-1,0.13%,85.98%
2024-10-31 04:25:21,samdul-load_balancer-1,0.15%,85.98%
2024-10-31 04:25:25,samdul-load_balancer-1,0.10%,85.98%
2024-10-31 04:25:29,samdul-load_balancer-1,0.11%,85.98%
2024-10-31 04:25:33,samdul-load_balancer-1,0.11%,85.98%
2024-10-31 04:25:37,samdul-load_balancer-1,0.10%,85.98%
2024-10-31 04:25:41,samdul-load_balancer-1,0.15%,85.98%
2024-10-31 04:25:45,samdul-load_balancer-1,0.12%,85.98%
2024-10-31 04:25:49,samdul-load_balancer-1,0.11%,85.98%
2024-10-31 04:25:53,samdul-load_balancer-1,0.10%,85.98%
2024-10-31 04:25:57,samdul-load_balancer-1,0.13%,85.98%
2024-10-31 04:26:01,samdul-load_balancer-1,0.14%,85.98%
2024-10-31 04:26:05,samdul-load_balancer-1,0.11%,85.98%
2024-10-31 04:26:09,samdul-load_balancer-1,0.11%,85.98%
2024-10-31 04:26:14,samdul-load_balancer-1,0.11%,85.98%
2024-10-31 04:26:18,samdul-load_balancer-1,0.13%,85.98%
2024-10-31 04:26:22,samdul-load_balancer-1,0.14%,85.98%
2024-10-31 04:26:26,samdul-load_balancer-1,0.13%,85.98%
2024-10-31 04:26:30,samdul-load_balancer-1,0.11%,85.98%
2024-10-31 04:26:34,samdul-load_balancer-1,0.10%,85.98%
2024-10-31 04:26:38,samdul-load_balancer-1,0.10%,85.98%
2024-10-31 04:26:42,samdul-load_balancer-1,0.10%,85.98%
2024-10-31 04:26:46,samdul-load_balancer-1,0.11%,85.98%
2024-10-31 04:26:50,samdul-load_balancer-1,0.11%,85.98%
2024-10-31 04:26:54,samdul-load_balancer-1,0.11%,85.98%
2024-10-31 04:26:58,samdul-load_balancer-1,0.12%,85.98%
2024-10-31 04:27:02,samdul-load_balancer-1,0.11%,85.98%
2024-10-31 04:27:06,samdul-load_balancer-1,0.12%,85.98%
2024-10-31 04:27:10,samdul-load_balancer-1,0.12%,85.98%
2024-10-31 04:27:14,samdul-load_balancer-1,0.11%,85.98%
2024-10-31 04:27:18,samdul-load_balancer-1,0.12%,85.98%
2024-10-31 04:27:22,samdul-load_balancer-1,0.11%,85.98%
2024-10-31 04:27:26,samdul-load_balancer-1,0.12%,85.98%
2024-10-31 04:27:30,samdul-load_balancer-1,0.12%,85.98%
2024-10-31 04:27:34,samdul-load_balancer-1,0.12%,85.98%
2024-10-31 04:27:38,samdul-load_balancer-1,0.11%,85.98%
2024-10-31 04:27:42,samdul-load_balancer-1,0.12%,85.98%
2024-10-31 04:27:46,samdul-load_balancer-1,0.12%,85.98%
2024-10-31 04:27:50,samdul-load_balancer-1,0.11%,85.98%
2024-10-31 04:27:54,samdul-load_balancer-1,0.12%,85.98%
2024-10-31 04:27:58,samdul-load_balancer-1,0.11%,85.98%
2024-10-31 04:28:02,samdul-load_balancer-1,0.11%,85.98%
2024-10-31 04:28:06,samdul-load_balancer-1,0.12%,85.98%
2024-10-31 04:28:10,samdul-load_balancer-1,0.11%,85.98%
2024-10-31 04:28:14,samdul-load_balancer-1,0.12%,85.98%
2024-10-31 04:28:18,samdul-load_balancer-1,0.12%,85.98%
2024-10-31 04:28:22,samdul-load_balancer-1,0.12%,85.98%
2024-10-31 04:28:26,samdul-load_balancer-1,0.11%,85.98%
2024-10-31 04:28:30,samdul-load_balancer-1,0.12%,85.98%
2024-10-31 04:28:34,samdul-load_balancer-1,0.12%,85.98%
2024-10-31 04:28:38,samdul-load_balancer-1,0.11%,85.98%
2024-10-31 04:28:42,samdul-load_balancer-1,0.10%,85.98%
2024-10-31 04:28:46,samdul-load_balancer-1,0.11%,85.98%
2024-10-31 04:28:50,samdul-load_balancer-1,0.11%,85.98%
2024-10-31 04:28:54,samdul-load_balancer-1,0.12%,85.98%
2024-10-31 04:28:58,samdul-load_balancer-1,0.11%,85.98%
2024-10-31 04:29:02,samdul-load_balancer-1,0.11%,85.98%
2024-10-31 04:29:06,samdul-load_balancer-1,0.12%,85.98%
2024-10-31 04:29:10,samdul-load_balancer-1,0.12%,85.98%
2024-10-31 04:29:14,samdul-load_balancer-1,0.11%,85.98%
2024-10-31 04:29:18,samdul-load_balancer-1,0.12%,85.98%
2024-10-31 04:29:22,samdul-load_balancer-1,0.11%,85.98%
2024-10-31 04:29:26,samdul-load_balancer-1,0.12%,85.98%
2024-10-31 04:29:30,samdul-load_balancer-1,0.16%,85.98%
2024-10-31 04:29:34,samdul-load_balancer-1,0.12%,85.98%
2024-10-31 04:29:38,samdul-load_balancer-1,0.11%,85.98%
2024-10-31 04:29:42,samdul-load_balancer-1,0.10%,85.98%
2024-10-31 04:29:46,samdul-load_balancer-1,0.12%,85.98%
2024-10-31 04:29:50,samdul-load_balancer-1,0.11%,85.98%
2024-10-31 04:29:54,samdul-load_balancer-1,0.11%,85.98%
2024-10-31 04:29:58,samdul-load_balancer-1,0.10%,85.98%
2024-10-31 04:30:02,samdul-load_balancer-1,0.12%,85.98%
2024-10-31 04:30:06,samdul-load_balancer-1,0.12%,85.98%
2024-10-31 04:30:10,samdul-load_balancer-1,0.19%,85.98%
2024-10-31 04:30:14,samdul-load_balancer-1,0.12%,85.98%
2024-10-31 04:30:18,samdul-load_balancer-1,0.12%,85.98%
2024-10-31 04:30:22,samdul-load_balancer-1,0.11%,85.98%
2024-10-31 04:30:26,samdul-load_balancer-1,0.11%,85.98%
2024-10-31 04:30:30,samdul-load_balancer-1,0.12%,85.98%
2024-10-31 04:30:34,samdul-load_balancer-1,0.12%,85.98%
2024-10-31 04:30:38,samdul-load_balancer-1,0.11%,85.98%
2024-10-31 04:30:42,samdul-load_balancer-1,0.12%,85.98%
2024-10-31 04:30:46,samdul-load_balancer-1,0.12%,85.98%
2024-10-31 04:30:50,samdul-load_balancer-1,0.11%,85.98%
2024-10-31 04:30:54,samdul-load_balancer-1,0.11%,85.98%
2024-10-31 04:30:58,samdul-load_balancer-1,0.12%,85.98%
2024-10-31 04:31:02,samdul-load_balancer-1,0.12%,85.98%
2024-10-31 04:31:06,samdul-load_balancer-1,0.12%,85.98%
2024-10-31 04:31:10,samdul-load_balancer-1,0.11%,85.98%
2024-10-31 04:31:14,samdul-load_balancer-1,0.11%,85.98%
2024-10-31 04:31:18,samdul-load_balancer-1,0.12%,85.98%
2024-10-31 04:31:22,samdul-load_balancer-1,0.11%,85.98%
2024-10-31 04:31:26,samdul-load_balancer-1,0.11%,85.98%
2024-10-31 04:31:30,samdul-load_balancer-1,0.16%,85.98%
2024-10-31 04:31:34,samdul-load_balancer-1,0.10%,85.98%
2024-10-31 04:31:38,samdul-load_balancer-1,0.12%,85.98%
2024-10-31 04:31:42,samdul-load_balancer-1,0.11%,85.98%
2024-10-31 04:31:46,samdul-load_balancer-1,0.11%,85.98%
2024-10-31 04:31:50,samdul-load_balancer-1,0.12%,85.98%
2024-10-31 04:31:54,samdul-load_balancer-1,0.12%,85.98%
2024-10-31 04:31:59,samdul-load_balancer-1,0.11%,85.98%
2024-10-31 04:32:03,samdul-load_balancer-1,0.12%,85.98%
2024-10-31 04:32:07,samdul-load_balancer-1,0.12%,85.98%
2024-10-31 04:32:11,samdul-load_balancer-1,0.19%,85.98%
2024-10-31 04:32:15,samdul-load_balancer-1,0.11%,85.98%
2024-10-31 04:32:19,samdul-load_balancer-1,0.11%,85.98%
2024-10-31 04:32:23,samdul-load_balancer-1,0.12%,85.98%
2024-10-31 04:32:27,samdul-load_balancer-1,0.12%,85.98%
2024-10-31 04:32:31,samdul-load_balancer-1,0.11%,85.98%
2024-10-31 04:32:35,samdul-load_balancer-1,0.11%,85.98%
2024-10-31 04:32:39,samdul-load_balancer-1,0.10%,85.98%
2024-10-31 04:32:43,samdul-load_balancer-1,0.12%,85.98%
2024-10-31 04:32:47,samdul-load_balancer-1,0.11%,85.98%
2024-10-31 04:32:51,samdul-load_balancer-1,0.15%,85.98%
2024-10-31 04:32:55,samdul-load_balancer-1,0.11%,85.98%
2024-10-31 04:32:59,samdul-load_balancer-1,0.11%,85.98%
2024-10-31 04:33:03,samdul-load_balancer-1,0.12%,85.98%
2024-10-31 04:33:07,samdul-load_balancer-1,0.12%,85.98%
2024-10-31 04:33:11,samdul-load_balancer-1,0.17%,85.98%
2024-10-31 04:33:15,samdul-load_balancer-1,0.13%,85.98%
2024-10-31 04:33:19,samdul-load_balancer-1,0.13%,85.98%
2024-10-31 04:33:23,samdul-load_balancer-1,0.12%,85.98%
2024-10-31 04:33:27,samdul-load_balancer-1,0.12%,85.98%
2024-10-31 04:33:31,samdul-load_balancer-1,0.19%,85.98%
2024-10-31 04:33:35,samdul-load_balancer-1,0.12%,85.98%
2024-10-31 04:33:39,samdul-load_balancer-1,0.12%,85.98%
2024-10-31 04:33:43,samdul-load_balancer-1,0.13%,85.98%
2024-10-31 04:33:47,samdul-load_balancer-1,0.13%,85.98%
2024-10-31 04:33:51,samdul-load_balancer-1,0.16%,85.98%
2024-10-31 04:33:55,samdul-load_balancer-1,0.12%,85.98%
2024-10-31 04:33:59,samdul-load_balancer-1,0.12%,85.98%
2024-10-31 04:34:03,samdul-load_balancer-1,0.12%,85.98%
2024-10-31 04:34:07,samdul-load_balancer-1,0.13%,85.98%
2024-10-31 04:34:11,samdul-load_balancer-1,0.25%,85.98%
2024-10-31 04:34:15,samdul-load_balancer-1,0.12%,85.98%
2024-10-31 04:34:19,samdul-load_balancer-1,0.12%,85.98%
2024-10-31 04:34:23,samdul-load_balancer-1,0.12%,85.98%
2024-10-31 04:34:27,samdul-load_balancer-1,0.12%,85.98%
2024-10-31 04:34:31,samdul-load_balancer-1,0.17%,85.98%
2024-10-31 04:34:35,samdul-load_balancer-1,0.12%,85.98%
2024-10-31 04:34:39,samdul-load_balancer-1,0.13%,85.98%
2024-10-31 04:34:43,samdul-load_balancer-1,0.12%,85.98%
2024-10-31 04:34:47,samdul-load_balancer-1,0.11%,85.98%
2024-10-31 04:34:51,samdul-load_balancer-1,0.15%,85.98%
2024-10-31 04:34:55,samdul-load_balancer-1,0.11%,85.98%
2024-10-31 04:34:59,samdul-load_balancer-1,0.12%,85.98%
2024-10-31 04:35:03,samdul-load_balancer-1,0.12%,85.98%
2024-10-31 04:35:07,samdul-load_balancer-1,0.13%,85.98%
2024-10-31 04:35:11,samdul-load_balancer-1,0.17%,85.98%
2024-10-31 04:35:15,samdul-load_balancer-1,0.12%,85.98%
2024-10-31 04:35:19,samdul-load_balancer-1,0.12%,85.98%
2024-10-31 04:35:23,samdul-load_balancer-1,0.13%,85.98%
2024-10-31 04:35:27,samdul-load_balancer-1,0.11%,85.98%
2024-10-31 04:35:31,samdul-load_balancer-1,0.16%,85.98%
2024-10-31 04:35:35,samdul-load_balancer-1,0.12%,85.98%
2024-10-31 04:35:39,samdul-load_balancer-1,0.12%,85.98%
2024-10-31 04:35:43,samdul-load_balancer-1,0.12%,85.98%
2024-10-31 04:35:47,samdul-load_balancer-1,0.13%,85.98%
2024-10-31 04:35:51,samdul-load_balancer-1,0.15%,85.98%
2024-10-31 04:35:55,samdul-load_balancer-1,0.11%,85.98%
2024-10-31 04:35:59,samdul-load_balancer-1,0.13%,85.98%
2024-10-31 04:36:03,samdul-load_balancer-1,0.13%,85.98%
2024-10-31 04:36:07,samdul-load_balancer-1,0.12%,85.98%
2024-10-31 04:36:11,samdul-load_balancer-1,0.16%,85.98%
2024-10-31 04:36:15,samdul-load_balancer-1,0.12%,85.98%
2024-10-31 04:36:19,samdul-load_balancer-1,0.12%,85.98%
2024-10-31 04:36:23,samdul-load_balancer-1,0.12%,85.98%
2024-10-31 04:36:27,samdul-load_balancer-1,0.12%,85.98%
2024-10-31 04:36:31,samdul-load_balancer-1,0.15%,85.98%
2024-10-31 04:36:35,samdul-load_balancer-1,0.11%,85.98%
2024-10-31 04:36:39,samdul-load_balancer-1,0.11%,85.98%
2024-10-31 04:36:43,samdul-load_balancer-1,0.11%,85.98%
2024-10-31 04:36:47,samdul-load_balancer-1,0.12%,85.98%
2024-10-31 04:36:51,samdul-load_balancer-1,0.16%,85.98%
2024-10-31 04:36:55,samdul-load_balancer-1,0.11%,85.98%
2024-10-31 04:36:59,samdul-load_balancer-1,0.12%,85.98%
2024-10-31 04:37:03,samdul-load_balancer-1,0.12%,85.98%
2024-10-31 04:37:07,samdul-load_balancer-1,0.12%,85.98%
2024-10-31 04:37:11,samdul-load_balancer-1,0.16%,85.98%
2024-10-31 04:37:15,samdul-load_balancer-1,0.11%,85.98%
2024-10-31 04:37:19,samdul-load_balancer-1,0.11%,85.98%
2024-10-31 04:37:23,samdul-load_balancer-1,0.11%,85.98%
2024-10-31 04:37:27,samdul-load_balancer-1,0.10%,85.98%
2024-10-31 04:37:31,samdul-load_balancer-1,0.14%,85.98%
2024-10-31 04:37:35,samdul-load_balancer-1,0.13%,85.98%
2024-10-31 04:37:40,samdul-load_balancer-1,0.11%,85.98%
2024-10-31 04:37:44,samdul-load_balancer-1,0.12%,85.98%
2024-10-31 04:37:48,samdul-load_balancer-1,0.12%,85.98%
2024-10-31 04:37:52,samdul-load_balancer-1,0.15%,85.98%
2024-10-31 04:37:56,samdul-load_balancer-1,0.13%,85.98%
2024-10-31 04:38:00,samdul-load_balancer-1,0.12%,85.98%
2024-10-31 04:38:04,samdul-load_balancer-1,0.13%,85.98%
2024-10-31 04:38:08,samdul-load_balancer-1,0.12%,85.98%
2024-10-31 04:38:12,samdul-load_balancer-1,0.16%,85.98%
2024-10-31 04:38:16,samdul-load_balancer-1,0.13%,85.98%
2024-10-31 04:38:20,samdul-load_balancer-1,0.12%,85.98%
2024-10-31 04:38:24,samdul-load_balancer-1,0.12%,85.98%
2024-10-31 04:38:28,samdul-load_balancer-1,0.11%,85.98%
2024-10-31 04:38:32,samdul-load_balancer-1,0.15%,85.98%
2024-10-31 04:38:36,samdul-load_balancer-1,0.12%,85.98%
2024-10-31 04:38:40,samdul-load_balancer-1,0.12%,85.98%
2024-10-31 04:38:44,samdul-load_balancer-1,0.11%,85.98%
2024-10-31 04:38:48,samdul-load_balancer-1,0.13%,85.98%
2024-10-31 04:38:52,samdul-load_balancer-1,0.13%,85.98%
2024-10-31 04:38:56,samdul-load_balancer-1,0.12%,85.98%
2024-10-31 04:39:00,samdul-load_balancer-1,0.13%,85.98%
2024-10-31 04:39:04,samdul-load_balancer-1,0.13%,85.98%
2024-10-31 04:39:08,samdul-load_balancer-1,0.11%,85.98%
2024-10-31 04:39:12,samdul-load_balancer-1,0.12%,85.98%
2024-10-31 04:39:16,samdul-load_balancer-1,0.11%,85.98%
2024-10-31 04:39:20,samdul-load_balancer-1,0.11%,85.98%
2024-10-31 04:39:24,samdul-load_balancer-1,0.11%,85.98%
2024-10-31 04:39:28,samdul-load_balancer-1,0.11%,85.98%
2024-10-31 04:39:32,samdul-load_balancer-1,0.13%,85.98%
2024-10-31 04:39:36,samdul-load_balancer-1,0.11%,85.98%
2024-10-31 04:39:40,samdul-load_balancer-1,0.11%,85.98%
2024-10-31 04:39:44,samdul-load_balancer-1,0.12%,85.98%
2024-10-31 04:39:48,samdul-load_balancer-1,0.12%,85.98%
2024-10-31 04:39:52,samdul-load_balancer-1,0.11%,85.98%
2024-10-31 04:39:56,samdul-load_balancer-1,0.10%,85.98%
2024-10-31 04:40:00,samdul-load_balancer-1,0.12%,85.98%
2024-10-31 04:40:04,samdul-load_balancer-1,0.12%,85.98%
2024-10-31 04:40:08,samdul-load_balancer-1,0.11%,85.98%
2024-10-31 04:40:12,samdul-load_balancer-1,0.11%,85.98%
2024-10-31 04:40:16,samdul-load_balancer-1,0.12%,85.98%
2024-10-31 04:40:20,samdul-load_balancer-1,0.12%,85.98%
2024-10-31 04:40:24,samdul-load_balancer-1,0.11%,85.98%
2024-10-31 04:40:28,samdul-load_balancer-1,0.11%,85.98%
2024-10-31 04:40:32,samdul-load_balancer-1,0.12%,85.98%
2024-10-31 04:40:36,samdul-load_balancer-1,0.11%,85.98%
2024-10-31 04:40:40,samdul-load_balancer-1,0.12%,85.98%
2024-10-31 04:40:44,samdul-load_balancer-1,0.11%,85.98%
2024-10-31 04:40:48,samdul-load_balancer-1,0.11%,85.98%
2024-10-31 04:40:52,samdul-load_balancer-1,0.11%,85.98%
2024-10-31 04:40:56,samdul-load_balancer-1,0.11%,85.98%
2024-10-31 04:41:00,samdul-load_balancer-1,0.12%,85.98%
2024-10-31 04:41:04,samdul-load_balancer-1,0.12%,85.98%
2024-10-31 04:41:08,samdul-load_balancer-1,0.12%,85.98%
2024-10-31 04:41:12,samdul-load_balancer-1,0.12%,85.98%
2024-10-31 04:41:16,samdul-load_balancer-1,0.12%,85.98%
2024-10-31 04:41:20,samdul-load_balancer-1,0.12%,85.98%
2024-10-31 04:41:24,samdul-load_balancer-1,0.11%,85.98%
2024-10-31 04:41:28,samdul-load_balancer-1,0.12%,85.98%
2024-10-31 04:41:32,samdul-load_balancer-1,0.11%,85.98%
2024-10-31 04:41:36,samdul-load_balancer-1,0.11%,85.98%
2024-10-31 04:41:40,samdul-load_balancer-1,0.12%,85.98%
2024-10-31 04:41:44,samdul-load_balancer-1,0.14%,85.98%
2024-10-31 04:41:48,samdul-load_balancer-1,0.11%,85.98%
2024-10-31 04:41:52,samdul-load_balancer-1,0.12%,85.98%
2024-10-31 04:41:56,samdul-load_balancer-1,0.13%,85.98%
2024-10-31 04:42:00,samdul-load_balancer-1,0.12%,85.98%
2024-10-31 04:42:04,samdul-load_balancer-1,0.12%,85.98%
2024-10-31 04:42:08,samdul-load_balancer-1,0.12%,85.98%
2024-10-31 04:42:12,samdul-load_balancer-1,0.11%,85.98%
2024-10-31 04:42:16,samdul-load_balancer-1,0.12%,85.98%
2024-10-31 04:42:20,samdul-load_balancer-1,0.12%,85.98%
2024-10-31 04:42:24,samdul-load_balancer-1,0.11%,85.98%
2024-10-31 04:42:28,samdul-load_balancer-1,0.11%,85.98%
2024-10-31 04:42:32,samdul-load_balancer-1,0.12%,85.98%
2024-10-31 04:42:36,samdul-load_balancer-1,0.11%,85.98%
2024-10-31 04:42:40,samdul-load_balancer-1,0.11%,85.98%
2024-10-31 04:42:44,samdul-load_balancer-1,0.11%,85.98%
2024-10-31 04:42:48,samdul-load_balancer-1,0.12%,85.98%
2024-10-31 04:42:52,samdul-load_balancer-1,0.12%,85.98%
2024-10-31 04:42:56,samdul-load_balancer-1,0.11%,85.98%
2024-10-31 04:43:00,samdul-load_balancer-1,0.13%,85.98%
2024-10-31 04:43:04,samdul-load_balancer-1,0.12%,85.98%
2024-10-31 04:43:08,samdul-load_balancer-1,0.11%,85.98%
2024-10-31 04:43:12,samdul-load_balancer-1,0.12%,85.98%
2024-10-31 04:43:16,samdul-load_balancer-1,0.12%,85.98%
2024-10-31 04:43:21,samdul-load_balancer-1,0.11%,85.98%
2024-10-31 04:43:25,samdul-load_balancer-1,0.10%,85.98%
2024-10-31 04:43:29,samdul-load_balancer-1,0.12%,85.98%
2024-10-31 04:43:33,samdul-load_balancer-1,0.11%,85.98%
2024-10-31 04:43:37,samdul-load_balancer-1,0.11%,85.98%
2024-10-31 04:43:41,samdul-load_balancer-1,0.12%,85.98%
2024-10-31 04:43:45,samdul-load_balancer-1,0.12%,85.98%
2024-10-31 04:43:49,samdul-load_balancer-1,0.11%,85.98%
2024-10-31 04:43:53,samdul-load_balancer-1,0.11%,85.98%
2024-10-31 04:43:57,samdul-load_balancer-1,0.11%,85.98%
2024-10-31 04:44:01,samdul-load_balancer-1,0.12%,85.98%
2024-10-31 04:44:05,samdul-load_balancer-1,0.11%,85.98%
2024-10-31 04:44:09,samdul-load_balancer-1,0.11%,85.98%
2024-10-31 04:44:13,samdul-load_balancer-1,0.12%,85.98%
2024-10-31 04:44:17,samdul-load_balancer-1,0.11%,85.98%
2024-10-31 04:44:21,samdul-load_balancer-1,0.11%,85.98%
2024-10-31 04:44:25,samdul-load_balancer-1,0.11%,85.98%
2024-10-31 04:44:29,samdul-load_balancer-1,0.12%,85.98%
2024-10-31 04:44:33,samdul-load_balancer-1,0.11%,85.98%
2024-10-31 04:44:37,samdul-load_balancer-1,0.11%,85.98%
2024-10-31 04:44:41,samdul-load_balancer-1,0.15%,85.98%
2024-10-31 04:44:45,samdul-load_balancer-1,0.12%,85.98%
2024-10-31 04:44:49,samdul-load_balancer-1,0.10%,85.98%
2024-10-31 04:44:53,samdul-load_balancer-1,0.12%,85.98%
2024-10-31 04:44:57,samdul-load_balancer-1,0.11%,85.98%
2024-10-31 04:45:01,samdul-load_balancer-1,0.15%,85.98%
2024-10-31 04:45:05,samdul-load_balancer-1,0.11%,85.98%
2024-10-31 04:45:09,samdul-load_balancer-1,0.12%,85.98%
2024-10-31 04:45:13,samdul-load_balancer-1,0.13%,85.98%
2024-10-31 04:45:17,samdul-load_balancer-1,0.11%,85.98%
2024-10-31 04:45:21,samdul-load_balancer-1,0.14%,85.98%
2024-10-31 04:45:25,samdul-load_balancer-1,0.11%,85.98%
2024-10-31 04:45:29,samdul-load_balancer-1,0.10%,85.98%
2024-10-31 04:45:33,samdul-load_balancer-1,0.12%,85.98%
2024-10-31 04:45:37,samdul-load_balancer-1,0.11%,85.98%
2024-10-31 04:45:41,samdul-load_balancer-1,0.16%,85.98%
2024-10-31 04:45:45,samdul-load_balancer-1,0.11%,85.98%
2024-10-31 04:45:49,samdul-load_balancer-1,0.11%,85.98%
2024-10-31 04:45:53,samdul-load_balancer-1,0.11%,85.98%
2024-10-31 04:45:57,samdul-load_balancer-1,0.12%,85.98%
2024-10-31 04:46:01,samdul-load_balancer-1,0.14%,85.98%
2024-10-31 04:46:05,samdul-load_balancer-1,0.12%,85.98%
2024-10-31 04:46:09,samdul-load_balancer-1,0.11%,85.98%
2024-10-31 04:46:13,samdul-load_balancer-1,0.12%,85.98%
2024-10-31 04:46:17,samdul-load_balancer-1,0.11%,85.98%
2024-10-31 04:46:21,samdul-load_balancer-1,0.15%,85.98%
2024-10-31 04:46:25,samdul-load_balancer-1,0.12%,85.98%
2024-10-31 04:46:29,samdul-load_balancer-1,0.11%,85.98%
2024-10-31 04:46:33,samdul-load_balancer-1,0.11%,85.98%
2024-10-31 04:46:37,samdul-load_balancer-1,0.10%,85.98%
2024-10-31 04:46:41,samdul-load_balancer-1,0.14%,85.98%
2024-10-31 04:46:45,samdul-load_balancer-1,0.10%,85.98%
2024-10-31 04:46:49,samdul-load_balancer-1,0.11%,85.98%
2024-10-31 04:46:53,samdul-load_balancer-1,0.10%,85.98%
2024-10-31 04:46:57,samdul-load_balancer-1,0.11%,85.98%
2024-10-31 04:47:01,samdul-load_balancer-1,0.15%,85.98%
2024-10-31 04:47:05,samdul-load_balancer-1,0.11%,85.98%
2024-10-31 04:47:09,samdul-load_balancer-1,0.11%,85.98%
2024-10-31 04:47:13,samdul-load_balancer-1,0.11%,85.98%
2024-10-31 04:47:17,samdul-load_balancer-1,0.13%,85.98%
2024-10-31 04:47:21,samdul-load_balancer-1,0.15%,85.98%
2024-10-31 04:47:25,samdul-load_balancer-1,0.12%,85.98%
2024-10-31 04:47:29,samdul-load_balancer-1,0.12%,85.98%
2024-10-31 04:47:33,samdul-load_balancer-1,0.11%,85.98%
2024-10-31 04:47:37,samdul-load_balancer-1,0.11%,85.98%
2024-10-31 04:47:41,samdul-load_balancer-1,0.15%,85.98%
2024-10-31 04:47:45,samdul-load_balancer-1,0.12%,85.98%
2024-10-31 04:47:49,samdul-load_balancer-1,0.12%,85.98%
2024-10-31 04:47:53,samdul-load_balancer-1,0.12%,85.98%
2024-10-31 04:47:57,samdul-load_balancer-1,0.12%,85.98%
2024-10-31 04:48:01,samdul-load_balancer-1,0.16%,85.98%
2024-10-31 04:48:05,samdul-load_balancer-1,0.13%,85.98%
2024-10-31 04:48:09,samdul-load_balancer-1,0.11%,85.98%
2024-10-31 04:48:13,samdul-load_balancer-1,0.11%,85.98%
2024-10-31 04:48:17,samdul-load_balancer-1,0.12%,85.98%
2024-10-31 04:48:21,samdul-load_balancer-1,0.15%,85.98%
2024-10-31 04:48:25,samdul-load_balancer-1,0.12%,85.98%
2024-10-31 04:48:29,samdul-load_balancer-1,0.13%,85.98%
2024-10-31 04:48:33,samdul-load_balancer-1,0.12%,85.98%
2024-10-31 04:48:37,samdul-load_balancer-1,0.11%,85.98%
2024-10-31 04:48:41,samdul-load_balancer-1,0.14%,85.98%
2024-10-31 04:48:45,samdul-load_balancer-1,0.11%,85.98%
2024-10-31 04:48:49,samdul-load_balancer-1,0.11%,85.98%
2024-10-31 04:48:53,samdul-load_balancer-1,0.11%,85.98%
2024-10-31 04:48:57,samdul-load_balancer-1,0.11%,85.98%
2024-10-31 04:49:01,samdul-load_balancer-1,0.15%,85.98%
2024-10-31 04:49:06,samdul-load_balancer-1,0.13%,85.98%
2024-10-31 04:49:10,samdul-load_balancer-1,0.12%,85.98%
2024-10-31 04:49:14,samdul-load_balancer-1,0.12%,85.98%
2024-10-31 04:49:18,samdul-load_balancer-1,0.12%,85.98%
2024-10-31 04:49:22,samdul-load_balancer-1,0.16%,85.98%
2024-10-31 04:49:26,samdul-load_balancer-1,0.12%,85.98%
2024-10-31 04:49:30,samdul-load_balancer-1,0.12%,85.98%
2024-10-31 04:49:34,samdul-load_balancer-1,0.12%,85.98%
2024-10-31 04:49:38,samdul-load_balancer-1,0.13%,85.98%
2024-10-31 04:49:42,samdul-load_balancer-1,0.14%,85.98%
2024-10-31 04:49:46,samdul-load_balancer-1,0.11%,85.98%
2024-10-31 04:49:50,samdul-load_balancer-1,0.12%,85.98%
2024-10-31 04:49:54,samdul-load_balancer-1,0.11%,85.98%
2024-10-31 04:49:58,samdul-load_balancer-1,0.12%,85.98%
2024-10-31 04:50:02,samdul-load_balancer-1,0.15%,85.98%
2024-10-31 04:50:06,samdul-load_balancer-1,0.11%,85.98%
2024-10-31 04:50:10,samdul-load_balancer-1,0.11%,85.98%
2024-10-31 04:50:14,samdul-load_balancer-1,0.12%,85.98%
2024-10-31 04:50:18,samdul-load_balancer-1,0.13%,85.98%
2024-10-31 04:50:22,samdul-load_balancer-1,0.15%,85.98%
2024-10-31 04:50:26,samdul-load_balancer-1,0.11%,85.98%
2024-10-31 04:50:30,samdul-load_balancer-1,0.10%,85.98%
2024-10-31 04:50:34,samdul-load_balancer-1,0.13%,85.98%
2024-10-31 04:50:38,samdul-load_balancer-1,0.11%,85.98%
2024-10-31 04:50:42,samdul-load_balancer-1,0.11%,85.98%
2024-10-31 04:50:46,samdul-load_balancer-1,0.12%,85.98%
2024-10-31 04:50:50,samdul-load_balancer-1,0.12%,85.98%
2024-10-31 04:50:54,samdul-load_balancer-1,0.12%,85.98%
2024-10-31 04:50:58,samdul-load_balancer-1,0.12%,85.98%
2024-10-31 04:51:02,samdul-load_balancer-1,0.13%,85.98%
2024-10-31 04:51:06,samdul-load_balancer-1,0.11%,85.98%
2024-10-31 04:51:10,samdul-load_balancer-1,0.11%,85.98%
2024-10-31 04:51:14,samdul-load_balancer-1,0.11%,85.98%
2024-10-31 04:51:18,samdul-load_balancer-1,0.12%,85.98%
2024-10-31 04:51:22,samdul-load_balancer-1,0.11%,85.98%
2024-10-31 04:51:26,samdul-load_balancer-1,0.11%,85.98%
2024-10-31 04:51:30,samdul-load_balancer-1,0.11%,85.98%
2024-10-31 04:51:34,samdul-load_balancer-1,0.11%,85.98%
2024-10-31 04:51:38,samdul-load_balancer-1,0.11%,85.98%
2024-10-31 04:51:42,samdul-load_balancer-1,0.12%,85.98%
2024-10-31 04:51:46,samdul-load_balancer-1,0.11%,85.98%
2024-10-31 04:51:50,samdul-load_balancer-1,0.11%,85.98%
2024-10-31 04:51:54,samdul-load_balancer-1,0.11%,85.98%
2024-10-31 04:51:58,samdul-load_balancer-1,0.11%,85.98%
2024-10-31 04:52:02,samdul-load_balancer-1,0.11%,85.98%
2024-10-31 04:52:06,samdul-load_balancer-1,0.12%,85.98%
2024-10-31 04:52:10,samdul-load_balancer-1,0.12%,85.98%
2024-10-31 04:52:14,samdul-load_balancer-1,0.12%,85.98%
2024-10-31 04:52:18,samdul-load_balancer-1,0.13%,85.98%
2024-10-31 04:52:22,samdul-load_balancer-1,0.12%,85.98%
2024-10-31 04:52:26,samdul-load_balancer-1,0.11%,85.98%
2024-10-31 04:52:30,samdul-load_balancer-1,0.12%,85.98%
2024-10-31 04:52:34,samdul-load_balancer-1,0.12%,85.98%
2024-10-31 04:52:38,samdul-load_balancer-1,0.11%,85.98%
2024-10-31 04:52:42,samdul-load_balancer-1,0.11%,85.98%
2024-10-31 04:52:46,samdul-load_balancer-1,0.10%,85.98%
2024-10-31 04:52:50,samdul-load_balancer-1,0.11%,85.98%
2024-10-31 04:52:54,samdul-load_balancer-1,0.11%,85.98%
2024-10-31 04:52:58,samdul-load_balancer-1,0.11%,85.98%
2024-10-31 04:53:02,samdul-load_balancer-1,0.11%,85.98%
2024-10-31 04:53:06,samdul-load_balancer-1,0.11%,85.98%
2024-10-31 04:53:10,samdul-load_balancer-1,0.11%,85.98%
2024-10-31 04:53:14,samdul-load_balancer-1,0.12%,85.98%
2024-10-31 04:53:18,samdul-load_balancer-1,0.11%,85.98%
2024-10-31 04:53:22,samdul-load_balancer-1,0.12%,85.98%
2024-10-31 04:53:26,samdul-load_balancer-1,0.10%,85.98%
2024-10-31 04:53:30,samdul-load_balancer-1,0.15%,85.98%
2024-10-31 04:53:34,samdul-load_balancer-1,0.11%,85.98%
2024-10-31 04:53:38,samdul-load_balancer-1,0.11%,85.98%
2024-10-31 04:53:42,samdul-load_balancer-1,0.10%,85.98%
2024-10-31 04:53:46,samdul-load_balancer-1,0.11%,85.98%
2024-10-31 04:53:50,samdul-load_balancer-1,0.11%,85.98%
2024-10-31 04:53:54,samdul-load_balancer-1,0.11%,85.98%
2024-10-31 04:53:58,samdul-load_balancer-1,0.11%,85.98%
2024-10-31 04:54:02,samdul-load_balancer-1,0.11%,85.98%
2024-10-31 04:54:06,samdul-load_balancer-1,0.12%,85.98%
2024-10-31 04:54:10,samdul-load_balancer-1,0.12%,85.98%
2024-10-31 04:54:14,samdul-load_balancer-1,0.11%,85.98%
2024-10-31 04:54:18,samdul-load_balancer-1,0.11%,85.98%
2024-10-31 04:54:22,samdul-load_balancer-1,0.11%,85.98%
2024-10-31 04:54:26,samdul-load_balancer-1,0.11%,85.98%
2024-10-31 04:54:30,samdul-load_balancer-1,0.12%,85.98%
2024-10-31 04:54:34,samdul-load_balancer-1,0.10%,85.98%
2024-10-31 04:54:38,samdul-load_balancer-1,0.10%,85.98%
2024-10-31 04:54:42,samdul-load_balancer-1,0.11%,85.98%
2024-10-31 04:54:46,samdul-load_balancer-1,0.12%,85.98%
2024-10-31 04:54:50,samdul-load_balancer-1,0.11%,85.98%
2024-10-31 04:54:55,samdul-load_balancer-1,0.12%,85.98%
2024-10-31 04:54:59,samdul-load_balancer-1,0.12%,85.98%
2024-10-31 04:55:03,samdul-load_balancer-1,0.11%,85.98%
2024-10-31 04:55:07,samdul-load_balancer-1,0.11%,85.98%
2024-10-31 04:55:11,samdul-load_balancer-1,0.10%,85.98%
2024-10-31 04:55:15,samdul-load_balancer-1,0.10%,85.98%
2024-10-31 04:55:19,samdul-load_balancer-1,0.11%,85.98%
2024-10-31 04:55:23,samdul-load_balancer-1,0.11%,85.98%
2024-10-31 04:55:27,samdul-load_balancer-1,0.12%,85.98%
2024-10-31 04:55:31,samdul-load_balancer-1,0.16%,85.98%
2024-10-31 04:55:35,samdul-load_balancer-1,0.13%,85.98%
2024-10-31 04:55:39,samdul-load_balancer-1,0.12%,85.98%
2024-10-31 04:55:43,samdul-load_balancer-1,0.11%,85.98%
2024-10-31 04:55:47,samdul-load_balancer-1,0.12%,85.98%
2024-10-31 04:55:51,samdul-load_balancer-1,0.12%,85.98%
2024-10-31 04:55:55,samdul-load_balancer-1,0.11%,85.98%
2024-10-31 04:55:59,samdul-load_balancer-1,0.12%,85.98%
2024-10-31 04:56:03,samdul-load_balancer-1,0.11%,85.98%
2024-10-31 04:56:07,samdul-load_balancer-1,0.11%,85.98%
2024-10-31 04:56:11,samdul-load_balancer-1,0.20%,85.98%
2024-10-31 04:56:15,samdul-load_balancer-1,0.12%,85.98%
2024-10-31 04:56:19,samdul-load_balancer-1,0.11%,85.98%
2024-10-31 04:56:23,samdul-load_balancer-1,0.10%,85.98%
2024-10-31 04:56:27,samdul-load_balancer-1,0.12%,85.98%
2024-10-31 04:56:31,samdul-load_balancer-1,0.13%,85.98%
2024-10-31 04:56:35,samdul-load_balancer-1,0.13%,85.98%
2024-10-31 04:56:39,samdul-load_balancer-1,0.12%,85.98%
2024-10-31 04:56:43,samdul-load_balancer-1,0.12%,85.98%
2024-10-31 04:56:47,samdul-load_balancer-1,0.12%,85.98%
2024-10-31 04:56:51,samdul-load_balancer-1,0.15%,85.98%
2024-10-31 04:56:55,samdul-load_balancer-1,0.11%,85.98%
2024-10-31 04:56:59,samdul-load_balancer-1,0.11%,85.98%
2024-10-31 04:57:03,samdul-load_balancer-1,0.12%,85.98%
2024-10-31 04:57:07,samdul-load_balancer-1,0.11%,85.98%
2024-10-31 04:57:11,samdul-load_balancer-1,0.15%,85.98%
2024-10-31 04:57:15,samdul-load_balancer-1,0.10%,85.98%
2024-10-31 04:57:19,samdul-load_balancer-1,0.11%,85.98%
2024-10-31 04:57:23,samdul-load_balancer-1,0.11%,85.98%
2024-10-31 04:57:27,samdul-load_balancer-1,0.10%,85.98%
2024-10-31 04:57:31,samdul-load_balancer-1,0.19%,85.98%
2024-10-31 04:57:35,samdul-load_balancer-1,0.11%,85.98%
2024-10-31 04:57:39,samdul-load_balancer-1,0.10%,85.98%
2024-10-31 04:57:43,samdul-load_balancer-1,0.11%,85.98%
2024-10-31 04:57:47,samdul-load_balancer-1,0.10%,85.98%
2024-10-31 04:57:51,samdul-load_balancer-1,0.15%,85.98%
2024-10-31 04:57:55,samdul-load_balancer-1,0.12%,85.98%
2024-10-31 04:57:59,samdul-load_balancer-1,0.12%,85.98%
2024-10-31 04:58:03,samdul-load_balancer-1,0.11%,85.98%
2024-10-31 04:58:07,samdul-load_balancer-1,0.11%,85.98%
2024-10-31 04:58:11,samdul-load_balancer-1,0.23%,85.98%
2024-10-31 04:58:15,samdul-load_balancer-1,0.10%,85.98%
2024-10-31 04:58:19,samdul-load_balancer-1,0.12%,85.98%
2024-10-31 04:58:23,samdul-load_balancer-1,0.10%,85.98%
2024-10-31 04:58:27,samdul-load_balancer-1,0.11%,85.98%
2024-10-31 04:58:31,samdul-load_balancer-1,0.16%,85.98%
2024-10-31 04:58:35,samdul-load_balancer-1,0.11%,85.98%
2024-10-31 04:58:39,samdul-load_balancer-1,0.10%,85.98%
2024-10-31 04:58:43,samdul-load_balancer-1,0.10%,85.98%
2024-10-31 04:58:47,samdul-load_balancer-1,0.11%,85.98%
2024-10-31 04:58:51,samdul-load_balancer-1,0.15%,85.98%
2024-10-31 04:58:55,samdul-load_balancer-1,0.11%,85.98%
2024-10-31 04:58:59,samdul-load_balancer-1,0.12%,85.98%
2024-10-31 04:59:03,samdul-load_balancer-1,0.12%,85.98%
2024-10-31 04:59:07,samdul-load_balancer-1,0.12%,85.98%
2024-10-31 04:59:11,samdul-load_balancer-1,0.17%,85.98%
2024-10-31 04:59:15,samdul-load_balancer-1,0.11%,85.98%
2024-10-31 04:59:19,samdul-load_balancer-1,0.11%,85.98%
2024-10-31 04:59:23,samdul-load_balancer-1,0.11%,85.98%
2024-10-31 04:59:27,samdul-load_balancer-1,0.11%,85.98%
2024-10-31 04:59:31,samdul-load_balancer-1,0.13%,85.98%
2024-10-31 04:59:35,samdul-load_balancer-1,0.12%,85.98%
2024-10-31 04:59:39,samdul-load_balancer-1,0.11%,85.98%
2024-10-31 04:59:43,samdul-load_balancer-1,0.11%,85.98%
2024-10-31 04:59:47,samdul-load_balancer-1,0.12%,85.98%
2024-10-31 04:59:51,samdul-load_balancer-1,0.15%,85.98%
2024-10-31 04:59:55,samdul-load_balancer-1,0.12%,85.98%
2024-10-31 04:59:59,samdul-load_balancer-1,0.11%,85.98%
2024-10-31 05:00:03,samdul-load_balancer-1,0.12%,85.98%
2024-10-31 05:00:07,samdul-load_balancer-1,0.12%,85.98%
2024-10-31 05:00:11,samdul-load_balancer-1,0.24%,85.98%
2024-10-31 05:00:15,samdul-load_balancer-1,0.12%,85.98%
2024-10-31 05:00:19,samdul-load_balancer-1,0.12%,85.98%
2024-10-31 05:00:23,samdul-load_balancer-1,0.11%,85.98%
2024-10-31 05:00:27,samdul-load_balancer-1,0.12%,85.98%
2024-10-31 05:00:31,samdul-load_balancer-1,0.16%,85.98%
2024-10-31 05:00:36,samdul-load_balancer-1,0.12%,85.98%
2024-10-31 05:00:40,samdul-load_balancer-1,0.11%,85.98%
2024-10-31 05:00:44,samdul-load_balancer-1,0.11%,85.98%
2024-10-31 05:00:48,samdul-load_balancer-1,0.11%,85.98%
2024-10-31 05:00:52,samdul-load_balancer-1,0.13%,85.98%
2024-10-31 05:00:56,samdul-load_balancer-1,0.10%,85.98%
2024-10-31 05:01:00,samdul-load_balancer-1,0.11%,85.98%
2024-10-31 05:01:04,samdul-load_balancer-1,0.11%,85.98%
2024-10-31 05:01:08,samdul-load_balancer-1,0.11%,85.98%
2024-10-31 05:01:12,samdul-load_balancer-1,0.15%,85.98%
2024-10-31 05:01:16,samdul-load_balancer-1,0.12%,85.98%
2024-10-31 05:01:20,samdul-load_balancer-1,0.12%,85.98%
2024-10-31 05:01:24,samdul-load_balancer-1,0.12%,85.98%
2024-10-31 05:01:28,samdul-load_balancer-1,0.11%,85.98%
2024-10-31 05:01:32,samdul-load_balancer-1,0.15%,85.98%
2024-10-31 05:01:36,samdul-load_balancer-1,0.12%,85.98%
2024-10-31 05:01:40,samdul-load_balancer-1,0.13%,85.98%
2024-10-31 05:01:44,samdul-load_balancer-1,0.12%,85.98%
2024-10-31 05:01:48,samdul-load_balancer-1,0.13%,85.98%
2024-10-31 05:01:52,samdul-load_balancer-1,0.17%,85.98%
2024-10-31 05:01:56,samdul-load_balancer-1,0.11%,85.98%
2024-10-31 05:02:00,samdul-load_balancer-1,0.12%,85.98%
2024-10-31 05:02:04,samdul-load_balancer-1,0.12%,85.98%
2024-10-31 05:02:08,samdul-load_balancer-1,0.11%,85.98%
2024-10-31 05:02:12,samdul-load_balancer-1,0.14%,85.98%
2024-10-31 05:02:16,samdul-load_balancer-1,0.11%,85.98%
2024-10-31 05:02:20,samdul-load_balancer-1,0.11%,85.98%
2024-10-31 05:02:24,samdul-load_balancer-1,0.10%,85.98%
2024-10-31 05:02:28,samdul-load_balancer-1,0.11%,85.98%
2024-10-31 05:02:32,samdul-load_balancer-1,0.14%,85.98%
2024-10-31 05:02:36,samdul-load_balancer-1,0.11%,85.98%
2024-10-31 05:02:40,samdul-load_balancer-1,0.11%,85.98%
2024-10-31 05:02:44,samdul-load_balancer-1,0.12%,85.98%
2024-10-31 05:02:48,samdul-load_balancer-1,0.12%,85.98%
2024-10-31 05:02:52,samdul-load_balancer-1,0.11%,85.98%
2024-10-31 05:02:56,samdul-load_balancer-1,0.12%,85.98%
2024-10-31 05:03:00,samdul-load_balancer-1,0.12%,85.98%
2024-10-31 05:03:04,samdul-load_balancer-1,0.12%,85.98%
2024-10-31 05:03:08,samdul-load_balancer-1,0.12%,85.98%
2024-10-31 05:03:12,samdul-load_balancer-1,0.11%,85.98%
2024-10-31 05:03:16,samdul-load_balancer-1,0.11%,85.98%
2024-10-31 05:03:20,samdul-load_balancer-1,0.11%,85.98%
2024-10-31 05:03:24,samdul-load_balancer-1,0.12%,85.98%
2024-10-31 05:03:28,samdul-load_balancer-1,0.11%,85.98%
2024-10-31 05:03:32,samdul-load_balancer-1,0.11%,85.98%
2024-10-31 05:03:36,samdul-load_balancer-1,0.11%,85.98%
2024-10-31 05:03:40,samdul-load_balancer-1,0.11%,85.98%
2024-10-31 05:03:44,samdul-load_balancer-1,0.12%,85.98%
2024-10-31 05:03:48,samdul-load_balancer-1,0.12%,85.98%
2024-10-31 05:03:52,samdul-load_balancer-1,0.12%,85.98%
2024-10-31 05:03:56,samdul-load_balancer-1,0.12%,85.98%
2024-10-31 05:04:00,samdul-load_balancer-1,0.12%,85.98%
2024-10-31 05:04:04,samdul-load_balancer-1,0.11%,85.98%
2024-10-31 05:04:08,samdul-load_balancer-1,0.12%,85.98%
2024-10-31 05:04:12,samdul-load_balancer-1,0.12%,85.98%
2024-10-31 05:04:16,samdul-load_balancer-1,0.12%,85.98%
2024-10-31 05:04:20,samdul-load_balancer-1,0.12%,85.98%
2024-10-31 05:04:24,samdul-load_balancer-1,0.12%,85.98%
2024-10-31 05:04:28,samdul-load_balancer-1,0.11%,85.98%
2024-10-31 05:04:32,samdul-load_balancer-1,0.12%,85.98%
2024-10-31 05:04:36,samdul-load_balancer-1,0.12%,85.98%
2024-10-31 05:04:40,samdul-load_balancer-1,0.12%,85.98%
2024-10-31 05:04:44,samdul-load_balancer-1,0.12%,85.98%
2024-10-31 05:04:48,samdul-load_balancer-1,0.12%,85.98%
2024-10-31 05:04:52,samdul-load_balancer-1,0.12%,85.98%
2024-10-31 05:04:56,samdul-load_balancer-1,0.11%,85.98%
2024-10-31 05:05:00,samdul-load_balancer-1,0.12%,85.98%
2024-10-31 05:05:04,samdul-load_balancer-1,0.12%,85.98%
2024-10-31 05:05:08,samdul-load_balancer-1,0.12%,85.98%
2024-10-31 05:05:12,samdul-load_balancer-1,0.12%,85.98%
2024-10-31 05:05:16,samdul-load_balancer-1,0.11%,85.98%
2024-10-31 05:05:20,samdul-load_balancer-1,0.11%,85.98%
2024-10-31 05:05:24,samdul-load_balancer-1,0.11%,85.98%
2024-10-31 05:05:28,samdul-load_balancer-1,0.12%,85.98%
2024-10-31 05:05:32,samdul-load_balancer-1,0.11%,85.98%
2024-10-31 05:05:36,samdul-load_balancer-1,0.12%,85.98%
2024-10-31 05:05:40,samdul-load_balancer-1,0.11%,85.98%
2024-10-31 05:05:44,samdul-load_balancer-1,0.12%,85.98%
2024-10-31 05:05:48,samdul-load_balancer-1,0.11%,85.98%
2024-10-31 05:05:52,samdul-load_balancer-1,0.12%,85.98%
2024-10-31 05:05:56,samdul-load_balancer-1,0.12%,85.98%
2024-10-31 05:06:00,samdul-load_balancer-1,0.11%,85.98%
2024-10-31 05:06:04,samdul-load_balancer-1,0.12%,85.98%
2024-10-31 05:06:08,samdul-load_balancer-1,0.12%,85.98%
2024-10-31 05:06:12,samdul-load_balancer-1,0.12%,85.98%
2024-10-31 05:06:16,samdul-load_balancer-1,0.12%,85.98%
2024-10-31 05:06:20,samdul-load_balancer-1,0.12%,85.98%
2024-10-31 05:06:24,samdul-load_balancer-1,0.10%,85.98%
2024-10-31 05:06:29,samdul-load_balancer-1,0.11%,85.98%
2024-10-31 05:06:33,samdul-load_balancer-1,0.12%,85.98%
2024-10-31 05:06:37,samdul-load_balancer-1,0.11%,85.98%
2024-10-31 05:06:41,samdul-load_balancer-1,0.12%,85.98%
2024-10-31 05:06:45,samdul-load_balancer-1,0.11%,85.98%
2024-10-31 05:06:49,samdul-load_balancer-1,0.11%,85.98%
2024-10-31 05:06:53,samdul-load_balancer-1,0.11%,85.98%
2024-10-31 05:06:57,samdul-load_balancer-1,0.11%,85.98%
2024-10-31 05:07:01,samdul-load_balancer-1,0.12%,85.98%
2024-10-31 05:07:05,samdul-load_balancer-1,0.13%,85.98%
2024-10-31 05:07:09,samdul-load_balancer-1,0.12%,85.98%
2024-10-31 05:07:13,samdul-load_balancer-1,0.12%,85.98%
2024-10-31 05:07:17,samdul-load_balancer-1,0.11%,85.98%
2024-10-31 05:07:21,samdul-load_balancer-1,0.13%,85.98%
2024-10-31 05:07:25,samdul-load_balancer-1,0.13%,85.98%
2024-10-31 05:07:29,samdul-load_balancer-1,0.13%,85.98%
2024-10-31 05:07:33,samdul-load_balancer-1,0.11%,85.98%
2024-10-31 05:07:37,samdul-load_balancer-1,0.11%,85.98%
2024-10-31 05:07:41,samdul-load_balancer-1,0.12%,85.98%
2024-10-31 05:07:45,samdul-load_balancer-1,0.11%,85.98%
2024-10-31 05:07:49,samdul-load_balancer-1,0.12%,85.98%
2024-10-31 05:07:53,samdul-load_balancer-1,0.11%,85.98%
2024-10-31 05:07:57,samdul-load_balancer-1,0.12%,85.98%
2024-10-31 05:08:01,samdul-load_balancer-1,0.12%,85.98%
2024-10-31 05:08:05,samdul-load_balancer-1,0.11%,85.98%
2024-10-31 05:08:09,samdul-load_balancer-1,0.11%,85.98%
2024-10-31 05:08:13,samdul-load_balancer-1,0.11%,85.98%
2024-10-31 05:08:17,--,--,--
2024-10-31 05:08:20,--,--,--
